"country","code","yr","paid_leave_max_duration_d1","paid_leave_max_duration_d2","paid_leave_max_duration_d3","paid_leave_highest_rep_rate"
"Austria","AUT",1970,46.1785714285714,46.1785714285714,0,-98
"Austria","AUT",1971,46.1785714285714,46.1785714285714,0,-98
"Austria","AUT",1972,46.1785714285714,46.1785714285714,0,-98
"Austria","AUT",1973,46.1785714285714,46.1785714285714,0,-98
"Austria","AUT",1974,44.1785714285714,44.1785714285714,0,-98
"Austria","AUT",1975,44.1785714285714,44.1785714285714,0,-98
"Austria","AUT",1976,44.1785714285714,44.1785714285714,0,-98
"Austria","AUT",1977,44.1785714285714,44.1785714285714,0,-98
"Austria","AUT",1978,44.1785714285714,44.1785714285714,0,-98
"Austria","AUT",1979,44.1785714285714,44.1785714285714,0,-98
"Austria","AUT",1980,44.1785714285714,44.1785714285714,0,-98
"Austria","AUT",1981,44.1785714285714,44.1785714285714,0,-98
"Austria","AUT",1982,44.1785714285714,44.1785714285714,0,-98
"Austria","AUT",1983,44.1785714285714,44.1785714285714,0,-98
"Austria","AUT",1984,44.1785714285714,44.1785714285714,0,-98
"Austria","AUT",1985,44.1785714285714,44.1785714285714,0,-98
"Austria","AUT",1986,44.1785714285714,44.1785714285714,0,-98
"Austria","AUT",1987,44.1785714285714,44.1785714285714,0,-98
"Austria","AUT",1988,44.1785714285714,44.1785714285714,0,-98
"Austria","AUT",1989,44.1785714285714,44.1785714285714,0,-98
"Austria","AUT",1990,96.3571428571429,96.3571428571429,0,-98
"Austria","AUT",1991,96.3571428571429,96.3571428571429,0,-98
"Austria","AUT",1992,96.3571428571429,96.3571428571429,0,-98
"Austria","AUT",1993,96.3571428571429,96.3571428571429,0,-98
"Austria","AUT",1994,96.3571428571429,96.3571428571429,0,-98
"Austria","AUT",1995,96.3571428571429,96.3571428571429,0,-98
"Austria","AUT",1996,96.3571428571429,96.3571428571429,0,-98
"Austria","AUT",1997,96.3571428571429,96.3571428571429,0,-98
"Austria","AUT",1998,96.3571428571429,96.3571428571429,0,-98
"Austria","AUT",1999,96.3571428571429,96.3571428571429,0,-98
"Austria","AUT",2000,96.3571428571429,96.3571428571429,0,-98
"Austria","AUT",2001,96.3571428571429,96.3571428571429,0,-98
"Austria","AUT",2002,122.446428571429,122.446428571429,0,-98
"Austria","AUT",2003,122.446428571429,122.446428571429,0,-98
"Austria","AUT",2004,122.446428571429,122.446428571429,0,-98
"Austria","AUT",2005,122.446428571429,122.446428571429,0,-98
"Austria","AUT",2006,122.446428571429,122.446428571429,0,-98
"Austria","AUT",2007,122.446428571429,122.446428571429,0,-98
"Austria","AUT",2008,122.446428571429,57.2232142857143,0,-98
"Austria","AUT",2009,122.446428571429,57.2232142857143,0,-98
"Austria","AUT",2010,122.446428571429,44.1785714285714,44.1785714285714,0.8
"Austria","AUT",2011,122.446428571429,44.1785714285714,44.1785714285714,0.8
"Austria","AUT",2012,122.446428571429,44.1785714285714,44.1785714285714,0.8
"Austria","AUT",2013,122.446428571429,44.1785714285714,44.1785714285714,0.8
"Austria","AUT",2014,122.446428571429,44.1785714285714,44.1785714285714,0.8
"Austria","AUT",2015,122.446428571429,44.1785714285714,44.1785714285714,0.8
"Austria","AUT",2016,122.446428571429,44.1785714285714,44.1785714285714,0.8
"Austria","AUT",2017,113.571428571429,44.1428571428571,44.1785714285714,0.8
"Austria","AUT",2018,113.571428571429,44.1428571428571,44.1785714285714,0.8
"Austria","AUT",2019,113.571428571429,44.1428571428571,44.1785714285714,0.8
"Austria","AUT",2020,113.571428571429,44.1428571428571,44.1785714285714,0.8
"Austria","AUT",2021,113.571428571429,44.1428571428571,44.1785714285714,0.8
"Austria","AUT",2022,113.571428571429,44.1428571428571,44.1785714285714,0.8
"Austria","AUT",2023,113.571428571429,44.1428571428571,44.1785714285714,0.8
"Austria","AUT",2024,113.571428571429,44.1428571428571,44.1785714285714,0.8
"Belgium","BEL",1970,0,0,0,-98
"Belgium","BEL",1971,0,0,0,-98
"Belgium","BEL",1972,0,0,0,-98
"Belgium","BEL",1973,0,0,0,-98
"Belgium","BEL",1974,0,0,0,-98
"Belgium","BEL",1975,0,0,0,-98
"Belgium","BEL",1976,0,0,0,-98
"Belgium","BEL",1977,0,0,0,-98
"Belgium","BEL",1978,0,0,0,-98
"Belgium","BEL",1979,0,0,0,-98
"Belgium","BEL",1980,0,0,0,-98
"Belgium","BEL",1981,0,0,0,-98
"Belgium","BEL",1982,0,0,0,-98
"Belgium","BEL",1983,0,0,0,-98
"Belgium","BEL",1984,0,0,0,-98
"Belgium","BEL",1985,0,0,0,-98
"Belgium","BEL",1986,0,0,0,-98
"Belgium","BEL",1987,0,0,0,-98
"Belgium","BEL",1988,0,0,0,-98
"Belgium","BEL",1989,0,0,0,-98
"Belgium","BEL",1990,0,0,0,-98
"Belgium","BEL",1991,0,0,0,-98
"Belgium","BEL",1992,0,0,0,-98
"Belgium","BEL",1993,0,0,0,-98
"Belgium","BEL",1994,0,0,0,-98
"Belgium","BEL",1995,0,0,0,-98
"Belgium","BEL",1996,0,0,0,-98
"Belgium","BEL",1997,0,0,0,-98
"Belgium","BEL",1998,13.0446428571429,13.0446428571429,0,-98
"Belgium","BEL",1999,13.0446428571429,13.0446428571429,0,-98
"Belgium","BEL",2000,13.0446428571429,13.0446428571429,0,-98
"Belgium","BEL",2001,13.0446428571429,13.0446428571429,0,-98
"Belgium","BEL",2002,13.0446428571429,13.0446428571429,0,-98
"Belgium","BEL",2003,13.0446428571429,13.0446428571429,0,-98
"Belgium","BEL",2004,13.0446428571429,13.0446428571429,0,-98
"Belgium","BEL",2005,13.0446428571429,13.0446428571429,0,-98
"Belgium","BEL",2006,13.0446428571429,13.0446428571429,0,-98
"Belgium","BEL",2007,13.0446428571429,13.0446428571429,0,-98
"Belgium","BEL",2008,13.0446428571429,13.0446428571429,0,-98
"Belgium","BEL",2009,13.0446428571429,13.0446428571429,0,-98
"Belgium","BEL",2010,13.0446428571429,13.0446428571429,0,-98
"Belgium","BEL",2011,13.0446428571429,13.0446428571429,0,-98
"Belgium","BEL",2012,17.3928571428571,17.3928571428571,0,-98
"Belgium","BEL",2013,17.3928571428571,17.3928571428571,0,-98
"Belgium","BEL",2014,17.3928571428571,17.3928571428571,0,-98
"Belgium","BEL",2015,17.3928571428571,17.3928571428571,0,-98
"Belgium","BEL",2016,17.3928571428571,17.3928571428571,0,-98
"Belgium","BEL",2017,17.3928571428571,17.3928571428571,0,-98
"Belgium","BEL",2018,17.3928571428571,17.3928571428571,0,-98
"Belgium","BEL",2019,17.3928571428571,17.3928571428571,0,-98
"Belgium","BEL",2020,17.3928571428571,17.3928571428571,0,-98
"Belgium","BEL",2021,17.3928571428571,17.3928571428571,0,-98
"Belgium","BEL",2022,17.3928571428571,17.3928571428571,0,-98
"Belgium","BEL",2023,17.3928571428571,17.3928571428571,0,-98
"Belgium","BEL",2024,17.3928571428571,17.3928571428571,0,-98
"Czechia","CZE",1970,0,0,0,-98
"Czechia","CZE",1971,82.3571428571429,82.3571428571429,0,-98
"Czechia","CZE",1972,82.3571428571429,82.3571428571429,0,-98
"Czechia","CZE",1973,82.3571428571429,82.3571428571429,0,-98
"Czechia","CZE",1974,82.3571428571429,82.3571428571429,0,-98
"Czechia","CZE",1975,82.3571428571429,82.3571428571429,0,-98
"Czechia","CZE",1976,82.3571428571429,82.3571428571429,0,-98
"Czechia","CZE",1977,82.3571428571429,82.3571428571429,0,-98
"Czechia","CZE",1978,82.3571428571429,82.3571428571429,0,-98
"Czechia","CZE",1979,82.3571428571429,82.3571428571429,0,-98
"Czechia","CZE",1980,82.3571428571429,82.3571428571429,0,-98
"Czechia","CZE",1981,82.3571428571429,82.3571428571429,0,-98
"Czechia","CZE",1982,82.3571428571429,82.3571428571429,0,-98
"Czechia","CZE",1983,82.3571428571429,82.3571428571429,0,-98
"Czechia","CZE",1984,82.3571428571429,82.3571428571429,0,-98
"Czechia","CZE",1985,30.1785714285714,30.1785714285714,0,-98
"Czechia","CZE",1986,30.1785714285714,30.1785714285714,0,-98
"Czechia","CZE",1987,30.1785714285714,30.1785714285714,0,-98
"Czechia","CZE",1988,30.1785714285714,30.1785714285714,0,-98
"Czechia","CZE",1989,30.1785714285714,30.1785714285714,0,-98
"Czechia","CZE",1990,134.535714285714,134.535714285714,0,-98
"Czechia","CZE",1991,134.535714285714,134.535714285714,0,-98
"Czechia","CZE",1992,134.535714285714,134.535714285714,0,-98
"Czechia","CZE",1993,134.535714285714,134.535714285714,0,-98
"Czechia","CZE",1994,134.535714285714,134.535714285714,0,-98
"Czechia","CZE",1995,186.714285714286,186.714285714286,0,-98
"Czechia","CZE",1996,186.714285714286,186.714285714286,0,-98
"Czechia","CZE",1997,186.714285714286,186.714285714286,0,-98
"Czechia","CZE",1998,186.714285714286,186.714285714286,0,-98
"Czechia","CZE",1999,186.714285714286,186.714285714286,0,-98
"Czechia","CZE",2000,186.714285714286,186.714285714286,0,-98
"Czechia","CZE",2001,186.714285714286,186.714285714286,0,-98
"Czechia","CZE",2002,186.714285714286,186.714285714286,0,-98
"Czechia","CZE",2003,186.714285714286,186.714285714286,0,-98
"Czechia","CZE",2004,0,0,0,-98
"Czechia","CZE",2005,0,0,0,-98
"Czechia","CZE",2006,0,0,0,-98
"Czechia","CZE",2007,0,0,0,-98
"Czechia","CZE",2008,0,0,0,-98
"Czechia","CZE",2009,0,0,0,-98
"Czechia","CZE",2010,0,0,0,-98
"Czechia","CZE",2011,0,0,0,-98
"Czechia","CZE",2012,0,0,0,-98
"Czechia","CZE",2013,0,0,0,-98
"Czechia","CZE",2014,0,0,0,-98
"Czechia","CZE",2015,0,0,0,-98
"Czechia","CZE",2016,0,0,0,-98
"Czechia","CZE",2017,0,0,0,-98
"Czechia","CZE",2018,0,0,0,-98
"Czechia","CZE",2019,0,0,0,-98
"Czechia","CZE",2020,0,0,0,-98
"Czechia","CZE",2021,0,0,0,-98
"Czechia","CZE",2022,0,0,0,-98
"Czechia","CZE",2023,0,0,0,-98
"Czechia","CZE",2024,0,0,0,-98
"Germany","DEU",1970,0,0,0,-98
"Germany","DEU",1971,0,0,0,-98
"Germany","DEU",1972,0,0,0,-98
"Germany","DEU",1973,0,0,0,-98
"Germany","DEU",1974,0,0,0,-98
"Germany","DEU",1975,0,0,0,-98
"Germany","DEU",1976,0,0,0,-98
"Germany","DEU",1977,0,0,0,-98
"Germany","DEU",1978,0,0,0,-98
"Germany","DEU",1979,17.3928571428571,0,17.3928571428571,1
"Germany","DEU",1980,17.3928571428571,0,17.3928571428571,1
"Germany","DEU",1981,17.3928571428571,0,17.3928571428571,1
"Germany","DEU",1982,17.3928571428571,0,17.3928571428571,1
"Germany","DEU",1983,17.3928571428571,0,17.3928571428571,1
"Germany","DEU",1984,17.3928571428571,0,17.3928571428571,1
"Germany","DEU",1985,17.3928571428571,0,17.3928571428571,1
"Germany","DEU",1986,35.4821428571429,35.4821428571429,0,-98
"Germany","DEU",1987,35.4821428571429,35.4821428571429,0,-98
"Germany","DEU",1988,44.1785714285714,44.1785714285714,0,-98
"Germany","DEU",1989,57.2232142857143,57.2232142857143,0,-98
"Germany","DEU",1990,70.2678571428571,70.2678571428571,0,-98
"Germany","DEU",1991,70.2678571428571,70.2678571428571,0,-98
"Germany","DEU",1992,70.2678571428571,70.2678571428571,0,-98
"Germany","DEU",1993,96.3571428571429,96.3571428571429,0,-98
"Germany","DEU",1994,96.3571428571429,96.3571428571429,0,-98
"Germany","DEU",1995,96.3571428571429,96.3571428571429,0,-98
"Germany","DEU",1996,96.3571428571429,96.3571428571429,0,-98
"Germany","DEU",1997,96.3571428571429,96.3571428571429,0,-98
"Germany","DEU",1998,96.3571428571429,96.3571428571429,0,-98
"Germany","DEU",1999,96.3571428571429,96.3571428571429,0,-98
"Germany","DEU",2000,96.3571428571429,96.3571428571429,0,-98
"Germany","DEU",2001,96.3571428571429,44.1785714285714,0,-98
"Germany","DEU",2002,96.3571428571429,44.1785714285714,0,-98
"Germany","DEU",2003,96.3571428571429,44.1785714285714,0,-98
"Germany","DEU",2004,96.3571428571429,44.1785714285714,0,-98
"Germany","DEU",2005,96.3571428571429,44.1785714285714,0,-98
"Germany","DEU",2006,96.3571428571429,44.1785714285714,0,-98
"Germany","DEU",2007,52.1785714285714,0,52.1785714285714,1
"Germany","DEU",2008,52.1785714285714,0,52.1785714285714,1
"Germany","DEU",2009,52.1785714285714,0,52.1785714285714,1
"Germany","DEU",2010,52.1785714285714,0,52.1785714285714,1
"Germany","DEU",2011,52.1785714285714,0,52.1785714285714,1
"Germany","DEU",2012,52.1785714285714,0,52.1785714285714,1
"Germany","DEU",2013,52.1785714285714,0,52.1785714285714,1
"Germany","DEU",2014,52.1785714285714,0,52.1785714285714,1
"Germany","DEU",2015,104.357142857143,0,52.1785714285714,1
"Germany","DEU",2016,104.357142857143,0,52.1785714285714,1
"Germany","DEU",2017,104.357142857143,0,52.1785714285714,1
"Germany","DEU",2018,104.357142857143,0,52.1785714285714,1
"Germany","DEU",2019,104.357142857143,0,52.1785714285714,1
"Germany","DEU",2020,104.357142857143,0,52.1785714285714,1
"Germany","DEU",2021,104.357142857143,0,52.1785714285714,1
"Germany","DEU",2022,104.357142857143,0,52.1785714285714,1
"Germany","DEU",2023,104.357142857143,0,52.1785714285714,1
"Germany","DEU",2024,104.357142857143,0,52.1785714285714,1
"Denmark","DNK",1970,0,0,0,-98
"Denmark","DNK",1971,0,0,0,-98
"Denmark","DNK",1972,0,0,0,-98
"Denmark","DNK",1973,0,0,0,-98
"Denmark","DNK",1974,0,0,0,-98
"Denmark","DNK",1975,0,0,0,-98
"Denmark","DNK",1976,0,0,0,-98
"Denmark","DNK",1977,0,0,0,-98
"Denmark","DNK",1978,0,0,0,-98
"Denmark","DNK",1979,0,0,0,-98
"Denmark","DNK",1980,0,0,0,-98
"Denmark","DNK",1981,0,0,0,-98
"Denmark","DNK",1982,0,0,0,-98
"Denmark","DNK",1983,0,0,0,-98
"Denmark","DNK",1984,6,0,6,0.9
"Denmark","DNK",1985,10,0,10,0.9
"Denmark","DNK",1986,10,0,10,0.9
"Denmark","DNK",1987,10,0,10,0.9
"Denmark","DNK",1988,10,0,10,0.9
"Denmark","DNK",1989,10,0,10,0.9
"Denmark","DNK",1990,10,0,10,1
"Denmark","DNK",1991,10,0,10,1
"Denmark","DNK",1992,10,0,10,1
"Denmark","DNK",1993,10,0,10,1
"Denmark","DNK",1994,10,0,10,1
"Denmark","DNK",1995,10,0,10,1
"Denmark","DNK",1996,10,0,10,1
"Denmark","DNK",1997,10,0,10,1
"Denmark","DNK",1998,10,0,10,1
"Denmark","DNK",1999,10,0,10,1
"Denmark","DNK",2000,10,0,10,1
"Denmark","DNK",2001,10,0,10,1
"Denmark","DNK",2002,46,0,32,1
"Denmark","DNK",2003,46,0,32,1
"Denmark","DNK",2004,46,0,32,1
"Denmark","DNK",2005,46,0,32,1
"Denmark","DNK",2006,46,0,32,1
"Denmark","DNK",2007,46,0,32,1
"Denmark","DNK",2008,46,0,32,1
"Denmark","DNK",2009,46,0,32,1
"Denmark","DNK",2010,46,0,32,1
"Denmark","DNK",2011,46,0,32,1
"Denmark","DNK",2012,46,0,32,1
"Denmark","DNK",2013,46,0,32,1
"Denmark","DNK",2014,46,0,32,1
"Denmark","DNK",2015,46,0,32,1
"Denmark","DNK",2016,46,0,32,1
"Denmark","DNK",2017,46,0,32,1
"Denmark","DNK",2018,46,0,32,1
"Denmark","DNK",2019,46,0,32,1
"Denmark","DNK",2020,46,0,32,1
"Denmark","DNK",2021,46,0,32,1
"Denmark","DNK",2022,35,0,27,1
"Denmark","DNK",2023,35,0,27,1
"Denmark","DNK",2024,35,0,27,1
"Estonia","EST",1970,0,0,0,-98
"Estonia","EST",1971,0,0,0,-98
"Estonia","EST",1972,0,0,0,-98
"Estonia","EST",1973,0,0,0,-98
"Estonia","EST",1974,0,0,0,-98
"Estonia","EST",1975,0,0,0,-98
"Estonia","EST",1976,0,0,0,-98
"Estonia","EST",1977,0,0,0,-98
"Estonia","EST",1978,0,0,0,-98
"Estonia","EST",1979,0,0,0,-98
"Estonia","EST",1980,0,0,0,-98
"Estonia","EST",1981,0,0,0,-98
"Estonia","EST",1982,52.1785714285714,52.1785714285714,0,-98
"Estonia","EST",1983,52.1785714285714,52.1785714285714,0,-98
"Estonia","EST",1984,52.1785714285714,52.1785714285714,0,-98
"Estonia","EST",1985,52.1785714285714,52.1785714285714,0,-98
"Estonia","EST",1986,52.1785714285714,52.1785714285714,0,-98
"Estonia","EST",1987,52.1785714285714,52.1785714285714,0,-98
"Estonia","EST",1988,52.1785714285714,52.1785714285714,0,-98
"Estonia","EST",1989,78.2678571428571,78.2678571428571,0,-98
"Estonia","EST",1990,78.2678571428571,78.2678571428571,0,-98
"Estonia","EST",1991,156.535714285714,156.535714285714,0,-98
"Estonia","EST",1992,156.535714285714,156.535714285714,0,-98
"Estonia","EST",1993,156.535714285714,156.535714285714,0,-98
"Estonia","EST",1994,156.535714285714,156.535714285714,0,-98
"Estonia","EST",1995,156.535714285714,156.535714285714,0,-98
"Estonia","EST",1996,156.535714285714,156.535714285714,0,-98
"Estonia","EST",1997,156.535714285714,156.535714285714,0,-98
"Estonia","EST",1998,156.535714285714,156.535714285714,0,-98
"Estonia","EST",1999,156.535714285714,156.535714285714,0,-98
"Estonia","EST",2000,156.535714285714,156.535714285714,0,-98
"Estonia","EST",2001,156.535714285714,156.535714285714,0,-98
"Estonia","EST",2002,156.535714285714,156.535714285714,0,-98
"Estonia","EST",2003,156.535714285714,156.535714285714,0,-98
"Estonia","EST",2004,156.535714285714,124.392857142857,32.1428571428571,1
"Estonia","EST",2005,156.535714285714,124.392857142857,32.1428571428571,1
"Estonia","EST",2006,156.535714285714,111.535714285714,45,1
"Estonia","EST",2007,156.535714285714,111.535714285714,45,1
"Estonia","EST",2008,156.535714285714,94.3928571428571,62.1428571428571,1
"Estonia","EST",2009,156.535714285714,94.3928571428571,62.1428571428571,1
"Estonia","EST",2010,156.535714285714,94.3928571428571,62.1428571428571,1
"Estonia","EST",2011,156.535714285714,94.3928571428571,62.1428571428571,1
"Estonia","EST",2012,156.535714285714,94.3928571428571,62.1428571428571,1
"Estonia","EST",2013,156.535714285714,94.3928571428571,62.1428571428571,1
"Estonia","EST",2014,156.535714285714,94.3928571428571,62.1428571428571,1
"Estonia","EST",2015,156.535714285714,94.3928571428571,62.1428571428571,1
"Estonia","EST",2016,156.535714285714,94.3928571428571,62.1428571428571,1
"Estonia","EST",2017,156.535714285714,94.3928571428571,62.1428571428571,1
"Estonia","EST",2018,156.535714285714,94.3928571428571,62.1428571428571,1
"Estonia","EST",2019,62.1428571428571,0,62.1428571428571,1
"Estonia","EST",2020,62.1428571428571,0,62.1428571428571,1
"Estonia","EST",2021,62.1428571428571,0,62.1428571428571,1
"Estonia","EST",2022,67.8571428571429,0,67.8571428571428,1
"Estonia","EST",2023,67.8571428571428,0,67.8571428571428,1
"Estonia","EST",2024,67.8571428571428,0,67.8571428571428,1
"Spain","ESP",1970,0,0,0,-98
"Spain","ESP",1971,0,0,0,-98
"Spain","ESP",1972,0,0,0,-98
"Spain","ESP",1973,0,0,0,-98
"Spain","ESP",1974,0,0,0,-98
"Spain","ESP",1975,0,0,0,-98
"Spain","ESP",1976,0,0,0,-98
"Spain","ESP",1977,0,0,0,-98
"Spain","ESP",1978,0,0,0,-98
"Spain","ESP",1979,0,0,0,-98
"Spain","ESP",1980,0,0,0,-98
"Spain","ESP",1981,0,0,0,-98
"Spain","ESP",1982,0,0,0,-98
"Spain","ESP",1983,0,0,0,-98
"Spain","ESP",1984,0,0,0,-98
"Spain","ESP",1985,0,0,0,-98
"Spain","ESP",1986,0,0,0,-98
"Spain","ESP",1987,0,0,0,-98
"Spain","ESP",1988,0,0,0,-98
"Spain","ESP",1989,0,0,0,-98
"Spain","ESP",1990,0,0,0,-98
"Spain","ESP",1991,0,0,0,-98
"Spain","ESP",1992,0,0,0,-98
"Spain","ESP",1993,0,0,0,-98
"Spain","ESP",1994,0,0,0,-98
"Spain","ESP",1995,0,0,0,-98
"Spain","ESP",1996,0,0,0,-98
"Spain","ESP",1997,0,0,0,-98
"Spain","ESP",1998,0,0,0,-98
"Spain","ESP",1999,0,0,0,-98
"Spain","ESP",2000,0,0,0,-98
"Spain","ESP",2001,0,0,0,-98
"Spain","ESP",2002,0,0,0,-98
"Spain","ESP",2003,0,0,0,-98
"Spain","ESP",2004,0,0,0,-98
"Spain","ESP",2005,0,0,0,-98
"Spain","ESP",2006,0,0,0,-98
"Spain","ESP",2007,0,0,0,-98
"Spain","ESP",2008,0,0,0,-98
"Spain","ESP",2009,0,0,0,-98
"Spain","ESP",2010,0,0,0,-98
"Spain","ESP",2011,0,0,0,-98
"Spain","ESP",2012,0,0,0,-98
"Spain","ESP",2013,0,0,0,-98
"Spain","ESP",2014,0,0,0,-98
"Spain","ESP",2015,0,0,0,-98
"Spain","ESP",2016,0,0,0,-98
"Spain","ESP",2017,0,0,0,-98
"Spain","ESP",2018,0,0,0,-98
"Spain","ESP",2019,0,0,0,-98
"Spain","ESP",2020,0,0,0,-98
"Spain","ESP",2021,0,0,0,-98
"Spain","ESP",2022,0,0,0,-98
"Spain","ESP",2023,0,0,0,-98
"Spain","ESP",2024,0,0,0,-98
"Finland","FIN",1970,0,0,0,-98
"Finland","FIN",1971,0,0,0,-98
"Finland","FIN",1972,0,0,0,-98
"Finland","FIN",1973,0,0,0,-98
"Finland","FIN",1974,0,0,0,-98
"Finland","FIN",1975,0,0,0,-98
"Finland","FIN",1976,0,0,0,-98
"Finland","FIN",1977,0,0,0,-98
"Finland","FIN",1978,0,0,0,-98
"Finland","FIN",1979,0,0,0,-98
"Finland","FIN",1980,0,0,0,-98
"Finland","FIN",1981,0,0,0,-98
"Finland","FIN",1982,0,0,0,-98
"Finland","FIN",1983,0,0,0,-98
"Finland","FIN",1984,0,0,0,-98
"Finland","FIN",1985,26.3333333333333,0,26.3333333333333,0.8
"Finland","FIN",1986,26.3333333333333,0,26.3333333333333,0.8
"Finland","FIN",1987,26.3333333333333,0,26.3333333333333,0.8
"Finland","FIN",1988,26.3333333333333,0,26.3333333333333,0.8
"Finland","FIN",1989,26.3333333333333,0,26.3333333333333,0.8
"Finland","FIN",1990,26.3333333333333,0,26.3333333333333,0.8
"Finland","FIN",1991,28.3333333333333,0,28.3333333333333,0.8
"Finland","FIN",1992,28.3333333333333,0,28.3333333333333,0.7
"Finland","FIN",1993,26.3333333333333,0,26.3333333333333,0.66
"Finland","FIN",1994,26.3333333333333,0,26.3333333333333,0.66
"Finland","FIN",1995,26.3333333333333,0,26.3333333333333,0.66
"Finland","FIN",1996,26.3333333333333,0,26.3333333333333,0.7
"Finland","FIN",1997,26.3333333333333,0,26.3333333333333,0.7
"Finland","FIN",1998,26.3333333333333,0,26.3333333333333,0.7
"Finland","FIN",1999,26.3333333333333,0,26.3333333333333,0.7
"Finland","FIN",2000,26.3333333333333,0,26.3333333333333,0.7
"Finland","FIN",2001,26.3333333333333,0,26.3333333333333,0.7
"Finland","FIN",2002,26.3333333333333,0,26.3333333333333,0.7
"Finland","FIN",2003,26.3333333333333,0,26.3333333333333,0.7
"Finland","FIN",2004,26.3333333333333,0,26.3333333333333,0.7
"Finland","FIN",2005,26.3333333333333,0,26.3333333333333,0.7
"Finland","FIN",2006,26.3333333333333,0,26.3333333333333,0.7
"Finland","FIN",2007,26.3333333333333,0,26.3333333333333,0.7
"Finland","FIN",2008,26.3333333333333,0,26.3333333333333,0.7
"Finland","FIN",2009,26.3333333333333,0,26.3333333333333,0.7
"Finland","FIN",2010,26.3333333333333,0,26.3333333333333,0.7
"Finland","FIN",2011,26.3333333333333,0,26.3333333333333,0.7
"Finland","FIN",2012,26.3333333333333,0,26.3333333333333,0.7
"Finland","FIN",2013,26.3333333333333,0,26.3333333333333,0.71
"Finland","FIN",2014,26.3333333333333,0,26.3333333333333,0.71
"Finland","FIN",2015,26.3333333333333,0,26.3333333333333,0.71
"Finland","FIN",2016,26.3333333333333,0,26.3333333333333,0.7
"Finland","FIN",2017,26.3333333333333,0,26.3333333333333,0.7
"Finland","FIN",2018,26.3333333333333,0,26.3333333333333,0.7
"Finland","FIN",2019,26.3333333333333,0,26.3333333333333,0.7
"Finland","FIN",2020,26.3333333333333,0,26.3333333333333,0.7
"Finland","FIN",2021,26.3333333333333,0,26.3333333333333,0.7
"Finland","FIN",2022,37.1666666666667,0,37.1666666666667,0.72
"Finland","FIN",2023,37.1666666666667,0,37.1666666666667,0.72
"Finland","FIN",2024,37.1666666666667,0,37.1666666666667,0.72
"France","FRA",1970,0,0,0,-98
"France","FRA",1971,0,0,0,-98
"France","FRA",1972,0,0,0,-98
"France","FRA",1973,0,0,0,-98
"France","FRA",1974,0,0,0,-98
"France","FRA",1975,0,0,0,-98
"France","FRA",1976,0,0,0,-98
"France","FRA",1977,0,0,0,-98
"France","FRA",1978,0,0,0,-98
"France","FRA",1979,0,0,0,-98
"France","FRA",1980,0,0,0,-98
"France","FRA",1981,0,0,0,-98
"France","FRA",1982,0,0,0,-98
"France","FRA",1983,0,0,0,-98
"France","FRA",1984,0,0,0,-98
"France","FRA",1985,0,0,0,-98
"France","FRA",1986,0,0,0,-98
"France","FRA",1987,0,0,0,-98
"France","FRA",1988,0,0,0,-98
"France","FRA",1989,0,0,0,-98
"France","FRA",1990,0,0,0,-98
"France","FRA",1991,0,0,0,-98
"France","FRA",1992,0,0,0,-98
"France","FRA",1993,0,0,0,-98
"France","FRA",1994,0,0,0,-98
"France","FRA",1995,0,0,0,-98
"France","FRA",1996,0,0,0,-98
"France","FRA",1997,0,0,0,-98
"France","FRA",1998,0,0,0,-98
"France","FRA",1999,0,0,0,-98
"France","FRA",2000,0,0,0,-98
"France","FRA",2001,0,0,0,-98
"France","FRA",2002,0,0,0,-98
"France","FRA",2003,0,0,0,-98
"France","FRA",2004,26.0892857142857,26.0892857142857,0,-98
"France","FRA",2005,26.0892857142857,26.0892857142857,0,-98
"France","FRA",2006,26.0892857142857,26.0892857142857,0,-98
"France","FRA",2007,26.0892857142857,26.0892857142857,0,-98
"France","FRA",2008,26.0892857142857,26.0892857142857,0,-98
"France","FRA",2009,26.0892857142857,26.0892857142857,0,-98
"France","FRA",2010,26.0892857142857,26.0892857142857,0,-98
"France","FRA",2011,26.0892857142857,26.0892857142857,0,-98
"France","FRA",2012,26.0892857142857,26.0892857142857,0,-98
"France","FRA",2013,26.0892857142857,26.0892857142857,0,-98
"France","FRA",2014,26.0892857142857,26.0892857142857,0,-98
"France","FRA",2015,26.0892857142857,26.0892857142857,0,-98
"France","FRA",2016,26.0892857142857,26.0892857142857,0,-98
"France","FRA",2017,26.0892857142857,26.0892857142857,0,-98
"France","FRA",2018,26.0892857142857,26.0892857142857,0,-98
"France","FRA",2019,26.0892857142857,26.0892857142857,0,-98
"France","FRA",2020,26.0892857142857,26.0892857142857,0,-98
"France","FRA",2021,26.0892857142857,26.0892857142857,0,-98
"France","FRA",2022,26.0892857142857,26.0892857142857,0,-98
"France","FRA",2023,26.0892857142857,26.0892857142857,0,-98
"France","FRA",2024,26.0892857142857,26.0892857142857,0,-98
"Greece","GRC",1970,0,0,0,-98
"Greece","GRC",1971,0,0,0,-98
"Greece","GRC",1972,0,0,0,-98
"Greece","GRC",1973,0,0,0,-98
"Greece","GRC",1974,0,0,0,-98
"Greece","GRC",1975,0,0,0,-98
"Greece","GRC",1976,0,0,0,-98
"Greece","GRC",1977,0,0,0,-98
"Greece","GRC",1978,0,0,0,-98
"Greece","GRC",1979,0,0,0,-98
"Greece","GRC",1980,0,0,0,-98
"Greece","GRC",1981,0,0,0,-98
"Greece","GRC",1982,0,0,0,-98
"Greece","GRC",1983,0,0,0,-98
"Greece","GRC",1984,0,0,0,-98
"Greece","GRC",1985,0,0,0,-98
"Greece","GRC",1986,0,0,0,-98
"Greece","GRC",1987,0,0,0,-98
"Greece","GRC",1988,0,0,0,-98
"Greece","GRC",1989,0,0,0,-98
"Greece","GRC",1990,0,0,0,-98
"Greece","GRC",1991,0,0,0,-98
"Greece","GRC",1992,0,0,0,-98
"Greece","GRC",1993,0,0,0,-98
"Greece","GRC",1994,0,0,0,-98
"Greece","GRC",1995,0,0,0,-98
"Greece","GRC",1996,0,0,0,-98
"Greece","GRC",1997,0,0,0,-98
"Greece","GRC",1998,0,0,0,-98
"Greece","GRC",1999,0,0,0,-98
"Greece","GRC",2000,0,0,0,-98
"Greece","GRC",2001,0,0,0,-98
"Greece","GRC",2002,0,0,0,-98
"Greece","GRC",2003,0,0,0,-98
"Greece","GRC",2004,0,0,0,-98
"Greece","GRC",2005,0,0,0,-98
"Greece","GRC",2006,0,0,0,-98
"Greece","GRC",2007,0,0,0,-98
"Greece","GRC",2008,0,0,0,-98
"Greece","GRC",2009,0,0,0,-98
"Greece","GRC",2010,0,0,0,-98
"Greece","GRC",2011,0,0,0,-98
"Greece","GRC",2012,0,0,0,-98
"Greece","GRC",2013,0,0,0,-98
"Greece","GRC",2014,0,0,0,-98
"Greece","GRC",2015,0,0,0,-98
"Greece","GRC",2016,0,0,0,-98
"Greece","GRC",2017,0,0,0,-98
"Greece","GRC",2018,0,0,0,-98
"Greece","GRC",2019,0,0,0,-98
"Greece","GRC",2020,0,0,0,-98
"Greece","GRC",2021,8.69642857142857,8.69642857142857,0,-98
"Greece","GRC",2022,8.69642857142857,8.69642857142857,0,-98
"Greece","GRC",2023,8.69642857142857,8.69642857142857,0,-98
"Greece","GRC",2024,8.69642857142857,8.69642857142857,0,-98
"Hungary","HUN",1970,150.535714285714,150.535714285714,0,-98
"Hungary","HUN",1971,150.535714285714,150.535714285714,0,-98
"Hungary","HUN",1972,150.535714285714,150.535714285714,0,-98
"Hungary","HUN",1973,150.535714285714,150.535714285714,0,-98
"Hungary","HUN",1974,150.535714285714,150.535714285714,0,-98
"Hungary","HUN",1975,150.535714285714,150.535714285714,0,-98
"Hungary","HUN",1976,150.535714285714,150.535714285714,0,-98
"Hungary","HUN",1977,150.535714285714,150.535714285714,0,-98
"Hungary","HUN",1978,150.535714285714,150.535714285714,0,-98
"Hungary","HUN",1979,150.535714285714,150.535714285714,0,-98
"Hungary","HUN",1980,150.535714285714,150.535714285714,0,-98
"Hungary","HUN",1981,150.535714285714,150.535714285714,0,-98
"Hungary","HUN",1982,150.535714285714,150.535714285714,0,-98
"Hungary","HUN",1983,150.535714285714,150.535714285714,0,-98
"Hungary","HUN",1984,150.535714285714,150.535714285714,0,-98
"Hungary","HUN",1985,150.535714285714,104.357142857143,46.1785714285714,0.75
"Hungary","HUN",1986,150.535714285714,78.2678571428572,72.2678571428571,0.75
"Hungary","HUN",1987,150.535714285714,78.2678571428572,72.2678571428571,0.75
"Hungary","HUN",1988,150.535714285714,52.1785714285714,98.3571428571428,0.75
"Hungary","HUN",1989,150.535714285714,52.1785714285714,98.3571428571428,0.75
"Hungary","HUN",1990,150.535714285714,52.1785714285714,98.3571428571428,0.75
"Hungary","HUN",1991,150.535714285714,52.1785714285714,98.3571428571428,0.75
"Hungary","HUN",1992,150.535714285714,52.1785714285714,98.3571428571428,0.75
"Hungary","HUN",1993,150.535714285714,52.1785714285714,98.3571428571428,0.75
"Hungary","HUN",1994,150.535714285714,52.1785714285714,98.3571428571428,0.75
"Hungary","HUN",1995,150.535714285714,52.1785714285714,98.3571428571428,0.75
"Hungary","HUN",1996,132.535714285714,132.535714285714,0,-98
"Hungary","HUN",1997,132.535714285714,132.535714285714,0,-98
"Hungary","HUN",1998,132.535714285714,132.535714285714,0,-98
"Hungary","HUN",1999,132.535714285714,132.535714285714,0,-98
"Hungary","HUN",2000,132.535714285714,52.1785714285714,80.3571428571429,0.7
"Hungary","HUN",2001,132.535714285714,52.1785714285714,80.3571428571429,0.7
"Hungary","HUN",2002,132.535714285714,52.1785714285714,80.3571428571429,0.7
"Hungary","HUN",2003,132.535714285714,52.1785714285714,80.3571428571429,0.7
"Hungary","HUN",2004,132.535714285714,52.1785714285714,80.3571428571429,0.7
"Hungary","HUN",2005,132.535714285714,52.1785714285714,80.3571428571429,0.7
"Hungary","HUN",2006,80.3571428571429,0,80.3571428571429,0.7
"Hungary","HUN",2007,80.3571428571429,0,80.3571428571429,0.7
"Hungary","HUN",2008,80.3571428571429,0,80.3571428571429,0.7
"Hungary","HUN",2009,80.3571428571429,0,80.3571428571429,0.7
"Hungary","HUN",2010,80.3571428571429,0,80.3571428571429,0.7
"Hungary","HUN",2011,80.3571428571429,0,80.3571428571429,0.7
"Hungary","HUN",2012,80.3571428571429,0,80.3571428571429,0.7
"Hungary","HUN",2013,80.3571428571429,0,80.3571428571429,0.7
"Hungary","HUN",2014,28.1785714285714,0,28.1785714285714,0.7
"Hungary","HUN",2015,28.1785714285714,0,28.1785714285714,0.7
"Hungary","HUN",2016,2.08928571428572,0,2.08928571428572,0.7
"Hungary","HUN",2017,2.08928571428571,0,2.08928571428571,0.7
"Hungary","HUN",2018,2.08928571428571,0,2.08928571428571,0.7
"Hungary","HUN",2019,2.08928571428571,0,2.08928571428571,0.7
"Hungary","HUN",2020,2.08928571428571,0,2.08928571428571,0.7
"Hungary","HUN",2021,2.08928571428571,0,2.08928571428571,0.7
"Hungary","HUN",2022,2.08928571428571,0,2.08928571428571,0.7
"Hungary","HUN",2023,10.8892857142857,0,10.8892857142857,0.22
"Hungary","HUN",2024,10.8892857142857,0,10.8892857142857,0.22
"Ireland","IRL",1970,0,0,0,-98
"Ireland","IRL",1971,0,0,0,-98
"Ireland","IRL",1972,0,0,0,-98
"Ireland","IRL",1973,0,0,0,-98
"Ireland","IRL",1974,0,0,0,-98
"Ireland","IRL",1975,0,0,0,-98
"Ireland","IRL",1976,0,0,0,-98
"Ireland","IRL",1977,0,0,0,-98
"Ireland","IRL",1978,0,0,0,-98
"Ireland","IRL",1979,0,0,0,-98
"Ireland","IRL",1980,0,0,0,-98
"Ireland","IRL",1981,0,0,0,-98
"Ireland","IRL",1982,0,0,0,-98
"Ireland","IRL",1983,0,0,0,-98
"Ireland","IRL",1984,0,0,0,-98
"Ireland","IRL",1985,0,0,0,-98
"Ireland","IRL",1986,0,0,0,-98
"Ireland","IRL",1987,0,0,0,-98
"Ireland","IRL",1988,0,0,0,-98
"Ireland","IRL",1989,0,0,0,-98
"Ireland","IRL",1990,0,0,0,-98
"Ireland","IRL",1991,0,0,0,-98
"Ireland","IRL",1992,0,0,0,-98
"Ireland","IRL",1993,0,0,0,-98
"Ireland","IRL",1994,0,0,0,-98
"Ireland","IRL",1995,0,0,0,-98
"Ireland","IRL",1996,0,0,0,-98
"Ireland","IRL",1997,0,0,0,-98
"Ireland","IRL",1998,0,0,0,-98
"Ireland","IRL",1999,0,0,0,-98
"Ireland","IRL",2000,0,0,0,-98
"Ireland","IRL",2001,0,0,0,-98
"Ireland","IRL",2002,0,0,0,-98
"Ireland","IRL",2003,0,0,0,-98
"Ireland","IRL",2004,0,0,0,-98
"Ireland","IRL",2005,0,0,0,-98
"Ireland","IRL",2006,0,0,0,-98
"Ireland","IRL",2007,0,0,0,-98
"Ireland","IRL",2008,0,0,0,-98
"Ireland","IRL",2009,0,0,0,-98
"Ireland","IRL",2010,0,0,0,-98
"Ireland","IRL",2011,0,0,0,-98
"Ireland","IRL",2012,0,0,0,-98
"Ireland","IRL",2013,0,0,0,-98
"Ireland","IRL",2014,0,0,0,-98
"Ireland","IRL",2015,0,0,0,-98
"Ireland","IRL",2016,0,0,0,-98
"Ireland","IRL",2017,0,0,0,-98
"Ireland","IRL",2018,0,0,0,-98
"Ireland","IRL",2019,2,2,0,-98
"Ireland","IRL",2020,2,2,0,-98
"Ireland","IRL",2021,5,5,0,-98
"Ireland","IRL",2022,7,7,0,-98
"Ireland","IRL",2023,7,7,0,-98
"Ireland","IRL",2024,9,9,0,-98
"Italy","ITA",1970,0,0,0,-98
"Italy","ITA",1971,0,0,0,-98
"Italy","ITA",1972,26.0892857142857,0,26.0892857142857,0.3
"Italy","ITA",1973,26.0892857142857,0,26.0892857142857,0.3
"Italy","ITA",1974,26.0892857142857,0,26.0892857142857,0.3
"Italy","ITA",1975,26.0892857142857,0,26.0892857142857,0.3
"Italy","ITA",1976,26.0892857142857,0,26.0892857142857,0.3
"Italy","ITA",1977,26.0892857142857,0,26.0892857142857,0.3
"Italy","ITA",1978,26.0892857142857,0,26.0892857142857,0.3
"Italy","ITA",1979,26.0892857142857,0,26.0892857142857,0.3
"Italy","ITA",1980,26.0892857142857,0,26.0892857142857,0.3
"Italy","ITA",1981,26.0892857142857,0,26.0892857142857,0.3
"Italy","ITA",1982,26.0892857142857,0,26.0892857142857,0.3
"Italy","ITA",1983,26.0892857142857,0,26.0892857142857,0.3
"Italy","ITA",1984,26.0892857142857,0,26.0892857142857,0.3
"Italy","ITA",1985,26.0892857142857,0,26.0892857142857,0.3
"Italy","ITA",1986,26.0892857142857,0,26.0892857142857,0.3
"Italy","ITA",1987,26.0892857142857,0,26.0892857142857,0.3
"Italy","ITA",1988,26.0892857142857,0,26.0892857142857,0.3
"Italy","ITA",1989,26.0892857142857,0,26.0892857142857,0.3
"Italy","ITA",1990,26.0892857142857,0,26.0892857142857,0.3
"Italy","ITA",1991,26.0892857142857,0,26.0892857142857,0.3
"Italy","ITA",1992,26.0892857142857,0,26.0892857142857,0.3
"Italy","ITA",1993,26.0892857142857,0,26.0892857142857,0.3
"Italy","ITA",1994,26.0892857142857,0,26.0892857142857,0.3
"Italy","ITA",1995,26.0892857142857,0,26.0892857142857,0.3
"Italy","ITA",1996,26.0892857142857,0,26.0892857142857,0.3
"Italy","ITA",1997,26.0892857142857,0,26.0892857142857,0.3
"Italy","ITA",1998,26.0892857142857,0,26.0892857142857,0.3
"Italy","ITA",1999,26.0892857142857,0,26.0892857142857,0.3
"Italy","ITA",2000,26.0892857142857,0,26.0892857142857,0.3
"Italy","ITA",2001,26.0892857142857,0,26.0892857142857,0.3
"Italy","ITA",2002,26.0892857142857,0,26.0892857142857,0.3
"Italy","ITA",2003,26.0892857142857,0,26.0892857142857,0.3
"Italy","ITA",2004,26.0892857142857,0,26.0892857142857,0.3
"Italy","ITA",2005,26.0892857142857,0,26.0892857142857,0.3
"Italy","ITA",2006,26.0892857142857,0,26.0892857142857,0.3
"Italy","ITA",2007,26.0892857142857,0,26.0892857142857,0.3
"Italy","ITA",2008,26.0892857142857,0,26.0892857142857,0.3
"Italy","ITA",2009,26.0892857142857,0,26.0892857142857,0.3
"Italy","ITA",2010,26.0892857142857,0,26.0892857142857,0.3
"Italy","ITA",2011,26.0892857142857,0,26.0892857142857,0.3
"Italy","ITA",2012,26.0892857142857,0,26.0892857142857,0.3
"Italy","ITA",2013,26.0892857142857,0,26.0892857142857,0.3
"Italy","ITA",2014,26.0892857142857,0,26.0892857142857,0.3
"Italy","ITA",2015,26.0892857142857,0,26.0892857142857,0.3
"Italy","ITA",2016,26.0892857142857,0,26.0892857142857,0.3
"Italy","ITA",2017,26.0892857142857,0,26.0892857142857,0.3
"Italy","ITA",2018,26.0892857142857,0,26.0892857142857,0.3
"Italy","ITA",2019,26.0892857142857,0,26.0892857142857,0.3
"Italy","ITA",2020,26.0892857142857,0,26.0892857142857,0.3
"Italy","ITA",2021,26.0892857142857,0,26.0892857142857,0.3
"Italy","ITA",2022,26.0892857142857,0,26.0892857142857,0.3
"Italy","ITA",2023,26.0892857142857,0,26.0892857142857,0.38
"Italy","ITA",2024,26.0892857142857,0,26.0892857142857,0.47
"Lithuania","LTU",1970,0,0,0,-98
"Lithuania","LTU",1971,0,0,0,-98
"Lithuania","LTU",1972,0,0,0,-98
"Lithuania","LTU",1973,0,0,0,-98
"Lithuania","LTU",1974,0,0,0,-98
"Lithuania","LTU",1975,0,0,0,-98
"Lithuania","LTU",1976,0,0,0,-98
"Lithuania","LTU",1977,0,0,0,-98
"Lithuania","LTU",1978,0,0,0,-98
"Lithuania","LTU",1979,0,0,0,-98
"Lithuania","LTU",1980,0,0,0,-98
"Lithuania","LTU",1981,0,0,0,-98
"Lithuania","LTU",1982,44.1785714285714,44.1785714285714,0,-98
"Lithuania","LTU",1983,44.1785714285714,44.1785714285714,0,-98
"Lithuania","LTU",1984,44.1785714285714,44.1785714285714,0,-98
"Lithuania","LTU",1985,44.1785714285714,44.1785714285714,0,-98
"Lithuania","LTU",1986,44.1785714285714,44.1785714285714,0,-98
"Lithuania","LTU",1987,44.1785714285714,44.1785714285714,0,-98
"Lithuania","LTU",1988,44.1785714285714,44.1785714285714,0,-98
"Lithuania","LTU",1989,70.2678571428571,70.2678571428571,0,-98
"Lithuania","LTU",1990,70.2678571428571,70.2678571428571,0,-98
"Lithuania","LTU",1991,148.535714285714,148.535714285714,0,-98
"Lithuania","LTU",1992,148.535714285714,148.535714285714,0,-98
"Lithuania","LTU",1993,148.535714285714,148.535714285714,0,-98
"Lithuania","LTU",1994,148.535714285714,148.535714285714,0,-98
"Lithuania","LTU",1995,44.1785714285714,0,44.1785714285714,0.6
"Lithuania","LTU",1996,44.1785714285714,0,44.1785714285714,0.6
"Lithuania","LTU",1997,44.1785714285714,0,44.1785714285714,0.6
"Lithuania","LTU",1998,44.1785714285714,0,44.1785714285714,0.6
"Lithuania","LTU",1999,44.1785714285714,0,44.1785714285714,0.6
"Lithuania","LTU",2000,44.1785714285714,0,44.1785714285714,0.6
"Lithuania","LTU",2001,44.1785714285714,0,44.1785714285714,0.6
"Lithuania","LTU",2002,44.1785714285714,0,44.1785714285714,0.6
"Lithuania","LTU",2003,44.1785714285714,0,44.1785714285714,0.6
"Lithuania","LTU",2004,44.1785714285714,0,44.1785714285714,0.6
"Lithuania","LTU",2005,44.1785714285714,0,44.1785714285714,0.7
"Lithuania","LTU",2006,44.1785714285714,0,44.1785714285714,0.7
"Lithuania","LTU",2007,44.1785714285714,0,44.1785714285714,0.91
"Lithuania","LTU",2008,96.3571428571429,0,96.3571428571429,1
"Lithuania","LTU",2009,96.3571428571429,0,96.3571428571429,0.92
"Lithuania","LTU",2010,96.3571428571429,0,96.3571428571429,0.82
"Lithuania","LTU",2011,96.3571428571429,0,44.1785714285714,1
"Lithuania","LTU",2012,96.3571428571429,0,44.1785714285714,1
"Lithuania","LTU",2013,96.3571428571429,0,44.1785714285714,1
"Lithuania","LTU",2014,96.3571428571429,0,44.1785714285714,1
"Lithuania","LTU",2015,96.3571428571429,0,44.1785714285714,1
"Lithuania","LTU",2016,96.3571428571429,0,44.1785714285714,1
"Lithuania","LTU",2017,96.3571428571429,0,44.1785714285714,1
"Lithuania","LTU",2018,96.3571428571429,0,44.1785714285714,1
"Lithuania","LTU",2019,96.3571428571429,0,44.1785714285714,0.78
"Lithuania","LTU",2020,96.3571428571429,0,44.1785714285714,0.78
"Lithuania","LTU",2021,96.3571428571429,0,44.1785714285714,0.78
"Lithuania","LTU",2022,96.3571428571429,0,44.1785714285714,0.78
"Lithuania","LTU",2023,87.6607142857143,0,61.5714285714286,0.63
"Lithuania","LTU",2024,87.6607142857143,0,61.5714285714286,0.63
"Netherlands","NLD",1970,0,0,0,-98
"Netherlands","NLD",1971,0,0,0,-98
"Netherlands","NLD",1972,0,0,0,-98
"Netherlands","NLD",1973,0,0,0,-98
"Netherlands","NLD",1974,0,0,0,-98
"Netherlands","NLD",1975,0,0,0,-98
"Netherlands","NLD",1976,0,0,0,-98
"Netherlands","NLD",1977,0,0,0,-98
"Netherlands","NLD",1978,0,0,0,-98
"Netherlands","NLD",1979,0,0,0,-98
"Netherlands","NLD",1980,0,0,0,-98
"Netherlands","NLD",1981,0,0,0,-98
"Netherlands","NLD",1982,0,0,0,-98
"Netherlands","NLD",1983,0,0,0,-98
"Netherlands","NLD",1984,0,0,0,-98
"Netherlands","NLD",1985,0,0,0,-98
"Netherlands","NLD",1986,0,0,0,-98
"Netherlands","NLD",1987,0,0,0,-98
"Netherlands","NLD",1988,0,0,0,-98
"Netherlands","NLD",1989,0,0,0,-98
"Netherlands","NLD",1990,0,0,0,-98
"Netherlands","NLD",1991,0,0,0,-98
"Netherlands","NLD",1992,0,0,0,-98
"Netherlands","NLD",1993,0,0,0,-98
"Netherlands","NLD",1994,0,0,0,-98
"Netherlands","NLD",1995,0,0,0,-98
"Netherlands","NLD",1996,0,0,0,-98
"Netherlands","NLD",1997,0,0,0,-98
"Netherlands","NLD",1998,0,0,0,-98
"Netherlands","NLD",1999,0,0,0,-98
"Netherlands","NLD",2000,0,0,0,-98
"Netherlands","NLD",2001,0,0,0,-98
"Netherlands","NLD",2002,0,0,0,-98
"Netherlands","NLD",2003,0,0,0,-98
"Netherlands","NLD",2004,0,0,0,-98
"Netherlands","NLD",2005,0,0,0,-98
"Netherlands","NLD",2006,0,0,0,-98
"Netherlands","NLD",2007,0,0,0,-98
"Netherlands","NLD",2008,0,0,0,-98
"Netherlands","NLD",2009,0,0,0,-98
"Netherlands","NLD",2010,0,0,0,-98
"Netherlands","NLD",2011,0,0,0,-98
"Netherlands","NLD",2012,0,0,0,-98
"Netherlands","NLD",2013,0,0,0,-98
"Netherlands","NLD",2014,0,0,0,-98
"Netherlands","NLD",2015,0,0,0,-98
"Netherlands","NLD",2016,0,0,0,-98
"Netherlands","NLD",2017,0,0,0,-98
"Netherlands","NLD",2018,0,0,0,-98
"Netherlands","NLD",2019,0,0,0,-98
"Netherlands","NLD",2020,0,0,0,-98
"Netherlands","NLD",2021,0,0,0,-98
"Netherlands","NLD",2022,9,0,9,0.7
"Netherlands","NLD",2023,9,0,9,0.7
"Netherlands","NLD",2024,9,0,9,0.7
"Norway","NOR",1970,0,0,0,-98
"Norway","NOR",1971,0,0,0,-98
"Norway","NOR",1972,0,0,0,-98
"Norway","NOR",1973,0,0,0,-98
"Norway","NOR",1974,0,0,0,-98
"Norway","NOR",1975,0,0,0,-98
"Norway","NOR",1976,0,0,0,-98
"Norway","NOR",1977,12,0,12,NA
"Norway","NOR",1978,12,0,12,1
"Norway","NOR",1979,12,0,12,1
"Norway","NOR",1980,12,0,12,1
"Norway","NOR",1981,12,0,12,1
"Norway","NOR",1982,12,0,12,1
"Norway","NOR",1983,12,0,12,1
"Norway","NOR",1984,12,0,12,1
"Norway","NOR",1985,12,0,12,1
"Norway","NOR",1986,12,0,12,1
"Norway","NOR",1987,14,0,14,1
"Norway","NOR",1988,16,0,16,1
"Norway","NOR",1989,24,0,18,1
"Norway","NOR",1990,29,0,22,1
"Norway","NOR",1991,32,0,24,1
"Norway","NOR",1992,36.4,0,27,1
"Norway","NOR",1993,39,0,29,1
"Norway","NOR",1994,39,0,29,1
"Norway","NOR",1995,39,0,29,1
"Norway","NOR",1996,39,0,29,1
"Norway","NOR",1997,39,0,29,1
"Norway","NOR",1998,39,0,29,1
"Norway","NOR",1999,39,0,29,1
"Norway","NOR",2000,39,0,29,1
"Norway","NOR",2001,39,0,29,1
"Norway","NOR",2002,39,0,29,1
"Norway","NOR",2003,39,0,29,1
"Norway","NOR",2004,39,0,29,1
"Norway","NOR",2005,39,0,29,1
"Norway","NOR",2006,39,0,29,1
"Norway","NOR",2007,39,0,29,1
"Norway","NOR",2008,39,0,29,1
"Norway","NOR",2009,37,0,27,1
"Norway","NOR",2010,37,0,27,1
"Norway","NOR",2011,36,0,26,1
"Norway","NOR",2012,36,0,26,1
"Norway","NOR",2013,28,0,18,1
"Norway","NOR",2014,36,0,26,1
"Norway","NOR",2015,36,0,26,1
"Norway","NOR",2016,36,0,26,1
"Norway","NOR",2017,36,0,26,1
"Norway","NOR",2018,28,0,18,1
"Norway","NOR",2019,18,0,16,1
"Norway","NOR",2020,18,0,16,1
"Norway","NOR",2021,18,0,16,1
"Norway","NOR",2022,18,0,16,1
"Norway","NOR",2023,18,0,16,1
"Norway","NOR",2024,20,0,16,1
"Poland","POL",1970,0,0,0,-98
"Poland","POL",1971,0,0,0,-98
"Poland","POL",1972,0,0,0,-98
"Poland","POL",1973,0,0,0,-98
"Poland","POL",1974,0,0,0,-98
"Poland","POL",1975,0,0,0,-98
"Poland","POL",1976,0,0,0,-98
"Poland","POL",1977,0,0,0,-98
"Poland","POL",1978,0,0,0,-98
"Poland","POL",1979,0,0,0,-98
"Poland","POL",1980,0,0,0,-98
"Poland","POL",1981,0,0,0,-98
"Poland","POL",1982,0,0,0,-98
"Poland","POL",1983,0,0,0,-98
"Poland","POL",1984,0,0,0,-98
"Poland","POL",1985,0,0,0,-98
"Poland","POL",1986,0,0,0,-98
"Poland","POL",1987,0,0,0,-98
"Poland","POL",1988,0,0,0,-98
"Poland","POL",1989,0,0,0,-98
"Poland","POL",1990,0,0,0,-98
"Poland","POL",1991,0,0,0,-98
"Poland","POL",1992,0,0,0,-98
"Poland","POL",1993,0,0,0,-98
"Poland","POL",1994,0,0,0,-98
"Poland","POL",1995,0,0,0,-98
"Poland","POL",1996,0,0,0,-98
"Poland","POL",1997,0,0,0,-98
"Poland","POL",1998,0,0,0,-98
"Poland","POL",1999,0,0,0,-98
"Poland","POL",2000,0,0,0,-98
"Poland","POL",2001,0,0,0,-98
"Poland","POL",2002,0,0,0,-98
"Poland","POL",2003,0,0,0,-98
"Poland","POL",2004,0,0,0,-98
"Poland","POL",2005,0,0,0,-98
"Poland","POL",2006,0,0,0,-98
"Poland","POL",2007,0,0,0,-98
"Poland","POL",2008,0,0,0,-98
"Poland","POL",2009,0,0,0,-98
"Poland","POL",2010,0,0,0,-98
"Poland","POL",2011,0,0,0,-98
"Poland","POL",2012,0,0,0,-98
"Poland","POL",2013,26,0,26,0.6
"Poland","POL",2014,26,0,26,0.6
"Poland","POL",2015,26,0,26,0.6
"Poland","POL",2016,32,0,32,0.6
"Poland","POL",2017,32,0,32,0.6
"Poland","POL",2018,32,0,32,0.6
"Poland","POL",2019,32,0,32,0.6
"Poland","POL",2020,32,0,32,0.6
"Poland","POL",2021,32,0,32,0.6
"Poland","POL",2022,32,0,32,0.6
"Poland","POL",2023,32,0,32,0.7
"Poland","POL",2024,32,0,32,0.7
"Sweden","SWE",1970,25.7142857142857,0,25.7142857142857,0.8
"Sweden","SWE",1971,25.7142857142857,0,25.7142857142857,0.8
"Sweden","SWE",1972,25.7142857142857,0,25.7142857142857,0.8
"Sweden","SWE",1973,25.7142857142857,0,25.7142857142857,0.8
"Sweden","SWE",1974,25.7142857142857,0,25.7142857142857,0.9
"Sweden","SWE",1975,30,0,30,0.9
"Sweden","SWE",1976,30,0,30,0.9
"Sweden","SWE",1977,30,0,30,0.9
"Sweden","SWE",1978,38.5714285714286,4.28571428571429,34.2857142857143,0.9
"Sweden","SWE",1979,38.5714285714286,4.28571428571429,34.2857142857143,0.9
"Sweden","SWE",1980,51.4285714285714,12.8571428571429,38.5714285714286,0.9
"Sweden","SWE",1981,51.4285714285714,12.8571428571429,38.5714285714286,0.9
"Sweden","SWE",1982,51.4285714285714,12.8571428571429,38.5714285714286,0.9
"Sweden","SWE",1983,51.4285714285714,12.8571428571429,38.5714285714286,0.9
"Sweden","SWE",1984,51.4285714285714,12.8571428571429,38.5714285714286,0.9
"Sweden","SWE",1985,51.4285714285714,12.8571428571429,38.5714285714286,0.9
"Sweden","SWE",1986,51.4285714285714,12.8571428571429,38.5714285714286,0.9
"Sweden","SWE",1987,51.4285714285714,12.8571428571429,38.5714285714286,0.9
"Sweden","SWE",1988,51.4285714285714,12.8571428571429,38.5714285714286,0.9
"Sweden","SWE",1989,64.2857142857143,12.8571428571429,51.4285714285714,0.9
"Sweden","SWE",1990,64.2857142857143,12.8571428571429,51.4285714285714,0.9
"Sweden","SWE",1991,64.2857142857143,12.8571428571429,51.4285714285714,0.9
"Sweden","SWE",1992,64.2857142857143,12.8571428571429,51.4285714285714,0.9
"Sweden","SWE",1993,64.2857142857143,12.8571428571429,51.4285714285714,0.9
"Sweden","SWE",1994,51.4285714285714,0,51.4285714285714,0.9
"Sweden","SWE",1995,60,12.8571428571429,47.1428571428571,0.81
"Sweden","SWE",1996,60,12.8571428571429,47.1428571428571,0.76
"Sweden","SWE",1997,60,12.8571428571429,47.1428571428571,0.75
"Sweden","SWE",1998,60,12.8571428571429,47.1428571428571,0.8
"Sweden","SWE",1999,60,12.8571428571429,47.1428571428571,0.8
"Sweden","SWE",2000,60,12.8571428571429,47.1428571428571,0.8
"Sweden","SWE",2001,60,12.8571428571429,47.1428571428571,0.8
"Sweden","SWE",2002,60,12.8571428571429,47.1428571428571,0.8
"Sweden","SWE",2003,60,12.8571428571429,47.1428571428571,0.8
"Sweden","SWE",2004,60,12.8571428571429,47.1428571428571,0.8
"Sweden","SWE",2005,60,12.8571428571429,47.1428571428571,0.8
"Sweden","SWE",2006,60,12.8571428571429,47.1428571428571,0.78
"Sweden","SWE",2007,60,12.8571428571429,47.1428571428571,0.78
"Sweden","SWE",2008,60,12.8571428571429,47.1428571428571,0.78
"Sweden","SWE",2009,60,12.8571428571429,47.1428571428571,0.78
"Sweden","SWE",2010,60,12.8571428571429,47.1428571428571,0.78
"Sweden","SWE",2011,60,12.8571428571429,47.1428571428571,0.78
"Sweden","SWE",2012,60,12.8571428571429,47.1428571428571,0.78
"Sweden","SWE",2013,60,12.8571428571429,47.1428571428571,0.78
"Sweden","SWE",2014,60,12.8571428571429,47.1428571428571,0.78
"Sweden","SWE",2015,60,12.8571428571429,47.1428571428571,0.78
"Sweden","SWE",2016,55.7142857142857,12.8571428571429,42.8571428571429,0.78
"Sweden","SWE",2017,55.7142857142857,12.8571428571429,42.8571428571429,0.78
"Sweden","SWE",2018,55.7142857142857,12.8571428571429,42.8571428571429,0.78
"Sweden","SWE",2019,55.7142857142857,12.8571428571429,42.8571428571429,0.78
"Sweden","SWE",2020,55.7142857142857,12.8571428571429,42.8571428571429,0.78
"Sweden","SWE",2021,55.7142857142857,12.8571428571429,42.8571428571429,0.78
"Sweden","SWE",2022,55.7142857142857,12.8571428571429,42.8571428571429,0.78
"Sweden","SWE",2023,55.7142857142857,12.8571428571429,42.8571428571429,0.78
"Sweden","SWE",2024,55.7142857142857,12.8571428571429,42.8571428571429,0.78
"Slovenia","SVN",1970,0,0,0,-98
"Slovenia","SVN",1971,0,0,0,-98
"Slovenia","SVN",1972,0,0,0,-98
"Slovenia","SVN",1973,0,0,0,-98
"Slovenia","SVN",1974,0,0,0,-98
"Slovenia","SVN",1975,20.1428571428571,0,20.1428571428571,1
"Slovenia","SVN",1976,20.1428571428571,0,20.1428571428571,1
"Slovenia","SVN",1977,20.1428571428571,0,20.1428571428571,1
"Slovenia","SVN",1978,20.1428571428571,0,20.1428571428571,1
"Slovenia","SVN",1979,20.1428571428571,0,20.1428571428571,1
"Slovenia","SVN",1980,20.1428571428571,0,20.1428571428571,1
"Slovenia","SVN",1981,20.1428571428571,0,20.1428571428571,1
"Slovenia","SVN",1982,20.1428571428571,0,20.1428571428571,1
"Slovenia","SVN",1983,20.1428571428571,0,20.1428571428571,1
"Slovenia","SVN",1984,20.1428571428571,0,20.1428571428571,1
"Slovenia","SVN",1985,20.1428571428571,0,20.1428571428571,1
"Slovenia","SVN",1986,37.1428571428571,0,37.1428571428571,1
"Slovenia","SVN",1987,37.1428571428571,0,37.1428571428571,1
"Slovenia","SVN",1988,37.1428571428571,0,37.1428571428571,1
"Slovenia","SVN",1989,37.1428571428571,0,37.1428571428571,1
"Slovenia","SVN",1990,37.1428571428571,0,37.1428571428571,1
"Slovenia","SVN",1991,37.1428571428571,0,37.1428571428571,1
"Slovenia","SVN",1992,37.1428571428571,0,37.1428571428571,1
"Slovenia","SVN",1993,37.1428571428571,0,37.1428571428571,1
"Slovenia","SVN",1994,37.1428571428571,0,37.1428571428571,1
"Slovenia","SVN",1995,37.1428571428571,0,37.1428571428571,1
"Slovenia","SVN",1996,37.1428571428571,0,37.1428571428571,1
"Slovenia","SVN",1997,37.1428571428571,0,37.1428571428571,1
"Slovenia","SVN",1998,37.1428571428571,0,37.1428571428571,1
"Slovenia","SVN",1999,37.1428571428571,0,37.1428571428571,1
"Slovenia","SVN",2000,37.1428571428571,0,37.1428571428571,1
"Slovenia","SVN",2001,37.1428571428571,0,37.1428571428571,1
"Slovenia","SVN",2002,37.1428571428571,0,37.1428571428571,1
"Slovenia","SVN",2003,37.1428571428571,0,37.1428571428571,1
"Slovenia","SVN",2004,37.1428571428571,0,37.1428571428571,1
"Slovenia","SVN",2005,37.1428571428571,0,37.1428571428571,1
"Slovenia","SVN",2006,37.1428571428571,0,37.1428571428571,1
"Slovenia","SVN",2007,37.1428571428571,0,37.1428571428571,1
"Slovenia","SVN",2008,37.1428571428571,0,37.1428571428571,1
"Slovenia","SVN",2009,37.1428571428571,0,37.1428571428571,1
"Slovenia","SVN",2010,37.1428571428571,0,37.1428571428571,1
"Slovenia","SVN",2011,37.1428571428571,0,37.1428571428571,1
"Slovenia","SVN",2012,37.1428571428571,0,37.1428571428571,0.9
"Slovenia","SVN",2013,37.1428571428571,0,37.1428571428571,0.9
"Slovenia","SVN",2014,37.1428571428571,0,37.1428571428571,0.9
"Slovenia","SVN",2015,37.1428571428571,0,37.1428571428571,0.9
"Slovenia","SVN",2016,37.1428571428571,0,37.1428571428571,1
"Slovenia","SVN",2017,37.1428571428571,0,37.1428571428571,1
"Slovenia","SVN",2018,37.1428571428571,0,37.1428571428571,1
"Slovenia","SVN",2019,37.1428571428571,0,37.1428571428571,1
"Slovenia","SVN",2020,37.1428571428571,0,37.1428571428571,1
"Slovenia","SVN",2021,37.1428571428571,0,37.1428571428571,1
"Slovenia","SVN",2022,37.1428571428571,0,37.1428571428571,1
"Slovenia","SVN",2023,37.1428571428571,0,37.1428571428571,1
"Slovenia","SVN",2024,37.1428571428571,0,37.1428571428571,1
"Slovakia","SVK",1970,0,0,0,-98
"Slovakia","SVK",1971,82.3571428571429,82.3571428571429,0,-98
"Slovakia","SVK",1972,82.3571428571429,82.3571428571429,0,-98
"Slovakia","SVK",1973,82.3571428571429,82.3571428571429,0,-98
"Slovakia","SVK",1974,82.3571428571429,82.3571428571429,0,-98
"Slovakia","SVK",1975,82.3571428571429,82.3571428571429,0,-98
"Slovakia","SVK",1976,82.3571428571429,82.3571428571429,0,-98
"Slovakia","SVK",1977,82.3571428571429,82.3571428571429,0,-98
"Slovakia","SVK",1978,82.3571428571429,82.3571428571429,0,-98
"Slovakia","SVK",1979,82.3571428571429,82.3571428571429,0,-98
"Slovakia","SVK",1980,82.3571428571429,82.3571428571429,0,-98
"Slovakia","SVK",1981,82.3571428571429,82.3571428571429,0,-98
"Slovakia","SVK",1982,82.3571428571429,82.3571428571429,0,-98
"Slovakia","SVK",1983,82.3571428571429,82.3571428571429,0,-98
"Slovakia","SVK",1984,82.3571428571429,82.3571428571429,0,-98
"Slovakia","SVK",1985,30.1785714285714,30.1785714285714,0,-98
"Slovakia","SVK",1986,30.1785714285714,30.1785714285714,0,-98
"Slovakia","SVK",1987,30.1785714285714,30.1785714285714,0,-98
"Slovakia","SVK",1988,30.1785714285714,30.1785714285714,0,-98
"Slovakia","SVK",1989,30.1785714285714,30.1785714285714,0,-98
"Slovakia","SVK",1990,134.535714285714,134.535714285714,0,-98
"Slovakia","SVK",1991,134.535714285714,134.535714285714,0,-98
"Slovakia","SVK",1992,134.535714285714,134.535714285714,0,-98
"Slovakia","SVK",1993,134.535714285714,134.535714285714,0,-98
"Slovakia","SVK",1994,134.535714285714,134.535714285714,0,-98
"Slovakia","SVK",1995,134.535714285714,134.535714285714,0,-98
"Slovakia","SVK",1996,134.535714285714,134.535714285714,0,-98
"Slovakia","SVK",1997,134.535714285714,134.535714285714,0,-98
"Slovakia","SVK",1998,134.535714285714,134.535714285714,0,-98
"Slovakia","SVK",1999,134.535714285714,134.535714285714,0,-98
"Slovakia","SVK",2000,134.535714285714,134.535714285714,0,-98
"Slovakia","SVK",2001,134.535714285714,134.535714285714,0,-98
"Slovakia","SVK",2002,134.535714285714,134.535714285714,0,-98
"Slovakia","SVK",2003,134.535714285714,134.535714285714,0,-98
"Slovakia","SVK",2004,134.535714285714,134.535714285714,0,-98
"Slovakia","SVK",2005,134.535714285714,134.535714285714,0,-98
"Slovakia","SVK",2006,134.535714285714,134.535714285714,0,-98
"Slovakia","SVK",2007,134.535714285714,134.535714285714,0,-98
"Slovakia","SVK",2008,134.535714285714,134.535714285714,0,-98
"Slovakia","SVK",2009,134.535714285714,134.535714285714,0,-98
"Slovakia","SVK",2010,134.535714285714,134.535714285714,0,-98
"Slovakia","SVK",2011,0,0,0,-98
"Slovakia","SVK",2012,0,0,0,-98
"Slovakia","SVK",2013,0,0,0,-98
"Slovakia","SVK",2014,0,0,0,-98
"Slovakia","SVK",2015,0,0,0,-98
"Slovakia","SVK",2016,0,0,0,-98
"Slovakia","SVK",2017,0,0,0,-98
"Slovakia","SVK",2018,0,0,0,-98
"Slovakia","SVK",2019,0,0,0,-98
"Slovakia","SVK",2020,0,0,0,-98
"Slovakia","SVK",2021,0,0,0,-98
"Slovakia","SVK",2022,0,0,0,-98
"Slovakia","SVK",2023,0,0,0,-98
"Slovakia","SVK",2024,0,0,0,-98
"United Kingdom",NA,1970,0,0,0,-98
"United Kingdom",NA,1971,0,0,0,-98
"United Kingdom",NA,1972,0,0,0,-98
"United Kingdom",NA,1973,0,0,0,-98
"United Kingdom",NA,1974,0,0,0,-98
"United Kingdom",NA,1975,0,0,0,-98
"United Kingdom",NA,1976,0,0,0,-98
"United Kingdom",NA,1977,0,0,0,-98
"United Kingdom",NA,1978,0,0,0,-98
"United Kingdom",NA,1979,0,0,0,-98
"United Kingdom",NA,1980,0,0,0,-98
"United Kingdom",NA,1981,0,0,0,-98
"United Kingdom",NA,1982,0,0,0,-98
"United Kingdom",NA,1983,0,0,0,-98
"United Kingdom",NA,1984,0,0,0,-98
"United Kingdom",NA,1985,0,0,0,-98
"United Kingdom",NA,1986,0,0,0,-98
"United Kingdom",NA,1987,0,0,0,-98
"United Kingdom",NA,1988,0,0,0,-98
"United Kingdom",NA,1989,0,0,0,-98
"United Kingdom",NA,1990,0,0,0,-98
"United Kingdom",NA,1991,0,0,0,-98
"United Kingdom",NA,1992,0,0,0,-98
"United Kingdom",NA,1993,0,0,0,-98
"United Kingdom",NA,1994,0,0,0,-98
"United Kingdom",NA,1995,0,0,0,-98
"United Kingdom",NA,1996,0,0,0,-98
"United Kingdom",NA,1997,0,0,0,-98
"United Kingdom",NA,1998,0,0,0,-98
"United Kingdom",NA,1999,0,0,0,-98
"United Kingdom",NA,2000,0,0,0,-98
"United Kingdom",NA,2001,0,0,0,-98
"United Kingdom",NA,2002,0,0,0,-98
"United Kingdom",NA,2003,0,0,0,-98
"United Kingdom",NA,2004,0,0,0,-98
"United Kingdom",NA,2005,0,0,0,-98
"United Kingdom",NA,2006,0,0,0,-98
"United Kingdom",NA,2007,0,0,0,-98
"United Kingdom",NA,2008,0,0,0,-98
"United Kingdom",NA,2009,0,0,0,-98
"United Kingdom",NA,2010,0,0,0,-98
"United Kingdom",NA,2011,0,0,0,-98
"United Kingdom",NA,2012,0,0,0,-98
"United Kingdom",NA,2013,0,0,0,-98
"United Kingdom",NA,2014,0,0,0,-98
"United Kingdom",NA,2015,37,33,4,0.9
"United Kingdom",NA,2016,37,33,4,0.9
"United Kingdom",NA,2017,37,33,4,0.9
"United Kingdom",NA,2018,37,33,4,0.9
"United Kingdom",NA,2019,37,33,4,0.9
"United Kingdom",NA,2020,37,33,4,0.9
"United Kingdom",NA,2021,37,33,4,0.9
"United Kingdom",NA,2022,37,33,4,0.9
"United Kingdom",NA,2023,37,33,4,0.9
"United Kingdom",NA,2024,37,33,4,0.9
