,date,subways_prepandemic,subways_prepandemic.prev_month,subways_prepandemic.change_prev_month,subways_prepandemic.perc_prev_month,subways_prepandemic.prev_year,subways_prepandemic.change_prev_year,subways_prepandemic.perc_prev_year,subways_postpandemic,subways_postpandemic.prev_month,subways_postpandemic.change_prev_month,subways_postpandemic.perc_prev_month,subways_postpandemic.prev_year,subways_postpandemic.change_prev_year,subways_postpandemic.perc_prev_year,subways_recover_rate,subways_recover_rate.prev_month,subways_recover_rate.change_prev_month,subways_recover_rate.perc_prev_month,subways_recover_rate.prev_year,subways_recover_rate.change_prev_year,subways_recover_rate.perc_prev_year,buses_prepandemic,buses_prepandemic.prev_month,buses_prepandemic.change_prev_month,buses_prepandemic.perc_prev_month,buses_prepandemic.prev_year,buses_prepandemic.change_prev_year,buses_prepandemic.perc_prev_year,buses_postpandemic,buses_postpandemic.prev_month,buses_postpandemic.change_prev_month,buses_postpandemic.perc_prev_month,buses_postpandemic.prev_year,buses_postpandemic.change_prev_year,buses_postpandemic.perc_prev_year,buses_recover_rate,buses_recover_rate.prev_month,buses_recover_rate.change_prev_month,buses_recover_rate.perc_prev_month,buses_recover_rate.prev_year,buses_recover_rate.change_prev_year,buses_recover_rate.perc_prev_year,lirr_prepandemic,lirr_prepandemic.prev_month,lirr_prepandemic.change_prev_month,lirr_prepandemic.perc_prev_month,lirr_prepandemic.prev_year,lirr_prepandemic.change_prev_year,lirr_prepandemic.perc_prev_year,lirr_postpandemic,lirr_postpandemic.prev_month,lirr_postpandemic.change_prev_month,lirr_postpandemic.perc_prev_month,lirr_postpandemic.prev_year,lirr_postpandemic.change_prev_year,lirr_postpandemic.perc_prev_year,lirr_recover_rate,lirr_recover_rate.prev_month,lirr_recover_rate.change_prev_month,lirr_recover_rate.perc_prev_month,lirr_recover_rate.prev_year,lirr_recover_rate.change_prev_year,lirr_recover_rate.perc_prev_year,metro_north_prepandemic,metro_north_prepandemic.prev_month,metro_north_prepandemic.change_prev_month,metro_north_prepandemic.perc_prev_month,metro_north_prepandemic.prev_year,metro_north_prepandemic.change_prev_year,metro_north_prepandemic.perc_prev_year,metro_north_postpandemic,metro_north_postpandemic.prev_month,metro_north_postpandemic.change_prev_month,metro_north_postpandemic.perc_prev_month,metro_north_postpandemic.prev_year,metro_north_postpandemic.change_prev_year,metro_north_postpandemic.perc_prev_year,metro_north_recover_rate,metro_north_recover_rate.prev_month,metro_north_recover_rate.change_prev_month,metro_north_recover_rate.perc_prev_month,metro_north_recover_rate.prev_year,metro_north_recover_rate.change_prev_year,metro_north_recover_rate.perc_prev_year,aar_prepandemic,aar_prepandemic.prev_month,aar_prepandemic.change_prev_month,aar_prepandemic.perc_prev_month,aar_prepandemic.prev_year,aar_prepandemic.change_prev_year,aar_prepandemic.perc_prev_year,aar_postpandemic,aar_postpandemic.prev_month,aar_postpandemic.change_prev_month,aar_postpandemic.perc_prev_month,aar_postpandemic.prev_year,aar_postpandemic.change_prev_year,aar_postpandemic.perc_prev_year,aar_recover_rate,aar_recover_rate.prev_month,aar_recover_rate.change_prev_month,aar_recover_rate.perc_prev_month,aar_recover_rate.prev_year,aar_recover_rate.change_prev_year,aar_recover_rate.perc_prev_year,bnt_prepandemic,bnt_prepandemic.prev_month,bnt_prepandemic.change_prev_month,bnt_prepandemic.perc_prev_month,bnt_prepandemic.prev_year,bnt_prepandemic.change_prev_year,bnt_prepandemic.perc_prev_year,bnt_postpandemic,bnt_postpandemic.prev_month,bnt_postpandemic.change_prev_month,bnt_postpandemic.perc_prev_month,bnt_postpandemic.prev_year,bnt_postpandemic.change_prev_year,bnt_postpandemic.perc_prev_year,bnt_recover_rate,bnt_recover_rate.prev_month,bnt_recover_rate.change_prev_month,bnt_recover_rate.perc_prev_month,bnt_recover_rate.prev_year,bnt_recover_rate.change_prev_year,bnt_recover_rate.perc_prev_year,sir_prepandemic,sir_prepandemic.prev_month,sir_prepandemic.change_prev_month,sir_prepandemic.perc_prev_month,sir_prepandemic.prev_year,sir_prepandemic.change_prev_year,sir_prepandemic.perc_prev_year,sir_postpandemic,sir_postpandemic.prev_month,sir_postpandemic.change_prev_month,sir_postpandemic.perc_prev_month,sir_postpandemic.prev_year,sir_postpandemic.change_prev_year,sir_postpandemic.perc_prev_year,sir_recover_rate,sir_recover_rate.prev_month,sir_recover_rate.change_prev_month,sir_recover_rate.perc_prev_month,sir_recover_rate.prev_year,sir_recover_rate.change_prev_year,sir_recover_rate.perc_prev_year
1,2020-03-01,146102037,NA,NA,NA,NA,NA,NA,73625223,NA,NA,NA,NA,NA,NA,50,NA,NA,NA,NA,NA,NA,61291356,NA,NA,NA,NA,NA,NA,31871784,NA,NA,NA,NA,NA,NA,53,NA,NA,NA,NA,NA,NA,7778402,NA,NA,NA,NA,NA,NA,3625224,NA,NA,NA,NA,NA,NA,46,NA,NA,NA,NA,NA,NA,7093989,NA,NA,NA,NA,NA,NA,3890767,NA,NA,NA,NA,NA,NA,51,NA,NA,NA,NA,NA,NA,809918,809918,0,100,NA,NA,NA,558330,NA,NA,NA,NA,NA,NA,68,NA,NA,NA,NA,NA,NA,27804322,NA,NA,NA,NA,NA,NA,19235070,NA,NA,NA,NA,NA,NA,69,NA,NA,NA,NA,NA,NA,385833,NA,NA,NA,NA,NA,NA,200584,NA,NA,NA,NA,NA,NA,47,NA,NA,NA,NA,NA,NA
2,2020-04-01,143581418,140456415,3125003,119,NA,NA,NA,11730474,73117117,-61386643,38,NA,NA,NA,8,51,-43,31,NA,NA,NA,47151500,58070256,-10918756,93,NA,NA,NA,471515,31839573,-31368058,12,NA,NA,NA,1,55,-54,16,NA,NA,NA,7436174,7454522,-18348,145,NA,NA,NA,217333,3609030,-3391697,28,NA,NA,NA,2,47,-44,16,NA,NA,NA,7770508,6819061,951447,143,NA,NA,NA,244337,3753303,-3508966,12,NA,NA,NA,3,51,-48,7,NA,NA,NA,778431,778431,0,100,NA,NA,NA,181852,550658,-368806,53,NA,NA,NA,23,69,-46,46,NA,NA,NA,27816156,26891820,924336,103,NA,NA,NA,9916205,18897444,-8981239,67,NA,NA,NA,35,70,-34,63,NA,NA,NA,390649,370934,19715,179,NA,NA,NA,19677,199541,-179864,36,NA,NA,NA,5,49,-43,24,NA,NA,NA
3,2020-05-01,145619625,143581418,-421978,112,NA,NA,NA,15275851,11730474,3200951,140,NA,NA,NA,10,8,2,129,NA,NA,NA,41070400,47151500,-6753500,104,NA,NA,NA,410704,471515,-67535,104,NA,NA,NA,1,1,0,100,NA,NA,NA,7650564,7436174,117576,128,NA,NA,NA,501928,217333,271041,334,NA,NA,NA,7,2,4,255,NA,NA,NA,7114372,7770508,-760469,111,NA,NA,NA,335868,244337,82141,161,NA,NA,NA,5,3,1,159,NA,NA,NA,777136,777136,0,100,NA,NA,NA,236658,181852,50590,147,NA,NA,NA,30,23,7,136,NA,NA,NA,29186831,27816156,516388,101,NA,NA,NA,15211624,9916205,4799932,152,NA,NA,NA,52,35,16,148,NA,NA,NA,389039,390649,13670,165,NA,NA,NA,23457,19677,3778,140,NA,NA,NA,6,5,1,129,NA,NA,NA
4,2020-06-01,143783404,143159440,623964,117,NA,NA,NA,23928304,14931425,8996879,177,NA,NA,NA,17,10,6,160,NA,NA,NA,56335400,40398000,15937400,166,NA,NA,NA,658374,403980,254394,201,NA,NA,NA,1,1,0,120,NA,NA,NA,7978672,7553750,424922,147,NA,NA,NA,1196635,488374,708261,318,NA,NA,NA,17,7,9,271,NA,NA,NA,7313740,7010039,303701,131,NA,NA,NA,617791,326478,291313,205,NA,NA,NA,9,5,4,200,NA,NA,NA,775247,775247,0,100,NA,NA,NA,346437,232442,113995,174,NA,NA,NA,44,30,14,149,NA,NA,NA,29200837,28332544,868293,102,NA,NA,NA,20315413,14716137,5599276,140,NA,NA,NA,69,51,17,135,NA,NA,NA,357962,389039,24437,191,NA,NA,NA,41174,23455,17719,652,NA,NA,NA,10,6,3,149,NA,NA,NA
5,2020-07-01,138459741,143783404,-10567575,103,NA,NA,NA,32508961,23928304,7322118,145,NA,NA,NA,23,17,6,147,NA,NA,NA,53327750,56335400,-5999350,105,NA,NA,NA,828108,658374,139817,158,NA,NA,NA,1,1,0,145,NA,NA,NA,7995068,7978672,-305737,131,NA,NA,NA,1788497,1196635,524214,165,NA,NA,NA,24,17,7,168,NA,NA,NA,7389713,7313740,-216642,115,NA,NA,NA,914255,617791,258424,151,NA,NA,NA,13,9,4,164,NA,NA,NA,769838,769838,0,100,NA,NA,NA,445334,346437,81243,142,NA,NA,NA,57,44,12,133,NA,NA,NA,29245648,29200837,-921227,96,NA,NA,NA,23662900,20315413,2487713,113,NA,NA,NA,80,69,11,116,NA,NA,NA,341221,357962,-85568,93,NA,NA,NA,62300,41174,18697,3245,NA,NA,NA,18,10,7,189,NA,NA,NA
6,2020-08-01,135137795,138459741,-3321946,113,NA,NA,NA,35197734,32508961,2688773,119,NA,NA,NA,26,23,2,110,NA,NA,NA,51092344,53327750,-2235406,108,NA,NA,NA,1609110,828108,781002,222,NA,NA,NA,2,1,1,241,NA,NA,NA,7776722,7995068,-218346,129,NA,NA,NA,1878247,1788497,89750,113,NA,NA,NA,26,24,1,114,NA,NA,NA,7054080,7389713,-335633,116,NA,NA,NA,954881,914255,40626,108,NA,NA,NA,14,13,1,116,NA,NA,NA,760665,760665,0,100,NA,NA,NA,484181,445334,38847,127,NA,NA,NA,62,57,5,111,NA,NA,NA,29837316,29245648,591668,101,NA,NA,NA,24767977,23662900,1105077,105,NA,NA,NA,82,80,2,102,NA,NA,NA,323101,341221,-18120,141,NA,NA,NA,67904,62300,5604,173,NA,NA,NA,20,18,2,114,NA,NA,NA
7,2020-09-01,147064936,129962744,17102192,130,NA,NA,NA,42790545,33800470,8990075,141,NA,NA,NA,29,26,3,113,NA,NA,NA,59848847,49073650,10775197,130,NA,NA,NA,28067094,821819,27245275,4550,NA,NA,NA,47,1,46,3218,NA,NA,NA,7849068,7464234,384834,141,NA,NA,NA,2257943,1800125,457818,141,NA,NA,NA,32,26,5,133,NA,NA,NA,7169814,6784602,385212,128,NA,NA,NA,1162214,917154,245060,134,NA,NA,NA,17,14,3,131,NA,NA,NA,777552,777552,0,100,NA,NA,NA,527994,465996,61998,132,NA,NA,NA,67,62,4,109,NA,NA,NA,28220137,28864051,-643914,97,NA,NA,NA,24342825,23950434,392391,102,NA,NA,NA,86,82,3,104,NA,NA,NA,380459,309835,97728,205,NA,NA,NA,77014,64720,12294,211,NA,NA,NA,17,20,-2,90,NA,NA,NA
8,2020-10-01,152885497,147064936,2466107,117,NA,NA,NA,47947097,42790545,3982493,119,NA,NA,NA,31,29,2,108,NA,NA,NA,60496257,59848847,-737101,110,NA,NA,NA,30114260,28067094,1299530,112,NA,NA,NA,50,47,2,106,NA,NA,NA,7843024,7849068,-118308,137,NA,NA,NA,2243992,2257943,-55489,110,NA,NA,NA,30,32,-1,102,NA,NA,NA,7559794,7169814,235085,126,NA,NA,NA,1291434,1162214,95143,112,NA,NA,NA,18,17,0,111,NA,NA,NA,817539,817539,0,100,NA,NA,NA,575534,527994,34724,120,NA,NA,NA,69,67,2,104,NA,NA,NA,28524565,28220137,-637104,97,NA,NA,NA,24782515,24342825,-304121,98,NA,NA,NA,86,86,0,100,NA,NA,NA,414884,380459,-1261,206,NA,NA,NA,86142,77014,9108,6828,NA,NA,NA,19,17,2,277,NA,NA,NA
9,2020-11-01,134034658,149531043,-15496385,101,NA,NA,NA,43624401,46773038,-3148637,102,NA,NA,NA,33,31,1,105,NA,NA,NA,52670889,59111746,-6440857,99,NA,NA,NA,27049641,29366624,-2316983,99,NA,NA,NA,53,50,2,105,NA,NA,NA,7138321,7730760,-592439,127,NA,NA,NA,2127055,2202454,-75399,115,NA,NA,NA,34,30,4,116,NA,NA,NA,6552116,7404899,-852783,105,NA,NA,NA,1071116,1257357,-186241,88,NA,NA,NA,17,18,0,103,NA,NA,NA,779707,779707,0,100,NA,NA,NA,541428,562718,-21290,110,NA,NA,NA,69,69,0,101,NA,NA,NA,27229129,27583033,-353904,98,NA,NA,NA,22204031,24038704,-1834673,92,NA,NA,NA,81,87,-5,93,NA,NA,NA,334565,414884,-44143,131,NA,NA,NA,71913,86122,-14209,446,NA,NA,NA,22,19,2,169,NA,NA,NA
10,2020-12-01,143358647,134034658,4011556,119,NA,NA,NA,43468179,43624401,-1431206,108,NA,NA,NA,30,33,-3,93,NA,NA,NA,54093140,52670889,-560231,113,NA,NA,NA,26307109,27049641,-1535525,104,NA,NA,NA,48,53,-4,94,NA,NA,NA,7955082,7138321,503607,154,NA,NA,NA,1979870,2127055,-222342,112,NA,NA,NA,26,34,-8,85,NA,NA,NA,7358152,6552116,520701,133,NA,NA,NA,1005936,1071116,-105127,98,NA,NA,NA,14,17,-3,83,NA,NA,NA,799929,799929,0,100,NA,NA,NA,543732,541428,-14863,111,NA,NA,NA,66,69,-2,98,NA,NA,NA,26964182,27229129,-1156462,95,NA,NA,NA,21664300,22204031,-1244028,95,NA,NA,NA,80,81,-1,98,NA,NA,NA,373406,334565,9006,210,NA,NA,NA,71752,71913,-2323,5607,NA,NA,NA,18,22,-4,242,NA,NA,NA
11,2021-01-01,126103507,143358647,-17255140,100,NA,NA,NA,41101382,43468179,-2366797,108,NA,NA,NA,33,30,3,112,NA,NA,NA,51230197,54093140,-2862943,106,NA,NA,NA,25035873,26307109,-1271236,107,NA,NA,NA,49,48,0,104,NA,NA,NA,6805191,7955082,-1149891,118,NA,NA,NA,1686485,1979870,-293385,100,NA,NA,NA,27,26,0,113,NA,NA,NA,6381709,7358152,-976443,106,NA,NA,NA,939998,1005936,-65938,106,NA,NA,NA,15,14,1,123,NA,NA,NA,705255,705255,0,100,NA,NA,NA,516280,543732,-27452,111,NA,NA,NA,73,66,6,112,NA,NA,NA,25092819,26964182,-1871363,92,NA,NA,NA,21090759,21664300,-573541,100,NA,NA,NA,83,80,3,108,NA,NA,NA,351427,373406,-38464,165,NA,NA,NA,71378,71752,-374,1206,NA,NA,NA,23,18,5,215,NA,NA,NA
12,2021-02-01,125463092,116132339,9330753,132,NA,NA,NA,39143573,37924234,1219339,116,NA,NA,NA,32,33,-1,98,NA,NA,NA,50707729,47082980,3624749,126,NA,NA,NA,22875301,23228827,-353526,109,NA,NA,NA,46,50,-3,93,NA,NA,NA,6475456,6328014,147442,162,NA,NA,NA,1506979,1571624,-64645,125,NA,NA,NA,26,27,-1,105,NA,NA,NA,6120319,5887046,233273,139,NA,NA,NA,874436,863478,10958,111,NA,NA,NA,15,15,0,103,NA,NA,NA,709001,709001,0,100,NA,NA,NA,446034,478333,-32299,110,NA,NA,NA,62,73,-11,85,NA,NA,NA,23894096,22775550,1118546,105,NA,NA,NA,18325306,19084566,-759260,96,NA,NA,NA,76,83,-7,91,NA,NA,NA,339003,328140,10863,221,NA,NA,NA,66672,67301,-629,154,NA,NA,NA,23,23,0,111,NA,NA,NA
13,2021-03-01,149774413,125463092,7505806,108,146102037,3672376,114,50749540,39143573,6173722,120,73625223,-22875683,153,34,32,2,113,50,-15,141,60946237,50707729,3498458,108,61291356,-345119,108,29700545,22875301,3747393,122,31871784,-2171239,917,49,46,3,114,53,-4,946,7985568,6475456,572361,116,7778402,207166,130,2145813,1506979,376259,155,3625224,-1479411,239,28,26,2,142,46,-17,192,7299919,6120319,354424,109,7093989,205930,120,1193444,874436,184240,127,3890767,-2697323,50,17,15,2,120,51,-34,42,822168,822168,0,100,809918,12250,105,575774,446034,69804,120,558330,17444,149,69,62,7,115,68,0,140,27898166,23894096,1232958,104,27804322,93844,100,24422791,18325306,3658632,134,19235070,5187721,153,87,76,10,127,69,18,152,370501,339003,-12206,94,385833,589,145,80602,66672,3220,95,200584,-119982,131,16,23,-7,91,47,-31,77
14,2021-04-01,145058499,144122707,935792,116,143581418,1477081,108,53261980,48940994,4320986,118,11730474,41531506,479,37,34,2,108,8,29,458,57360460,58682890,-1322430,109,47151500,10208960,139,30573447,28704672,1868775,116,471515,30101932,7465,53,49,4,108,1,52,5370,7625234,7671309,-46075,140,7436174,189060,117,2248265,2060963,187302,130,217333,2030932,1336,31,28,2,114,2,28,1141,7358898,7025207,333691,129,7770508,-411610,107,1318812,1149490,169322,121,244337,1074475,609,19,17,1,116,3,16,616,778732,778732,0,100,778431,301,102,577029,555400,21629,118,181852,395177,353,73,69,4,106,23,50,331,27837163,26972553,864610,102,27816156,21007,99,24980497,23589739,1390758,106,9916205,15064292,259,89,87,2,102,35,54,258,374865,354474,4254,90,390649,-15784,131,87093,77076,10017,5719,19677,67416,477,20,16,4,135,5,15,394
15,2021-05-01,144830297,145058499,-2624152,112,145619625,-789328,109,58435642,53261980,3784011,116,15275851,43159791,405,41,37,3,111,10,31,395,58253758,57360460,-69443,112,41070400,17183358,158,31797784,30573447,521536,112,410704,31387080,8683,55,53,1,102,1,54,5564,7568825,7625234,-153829,136,7650564,-81739,120,2694754,2248265,344197,132,501928,2192826,660,40,31,6,126,7,32,658,7134177,7358898,-329694,117,7114372,19805,117,1567712,1318812,205861,121,335868,1231844,497,24,19,4,131,5,19,507,776861,776861,0,100,777136,-275,104,587548,577029,139,111,236658,350890,274,74,73,1,103,30,44,254,29165146,27837163,478335,101,29186831,-21685,99,26927922,24980497,1191238,104,15211624,11716298,179,92,89,2,102,52,40,180,371223,374865,25499,130,389039,-3752,154,91494,87093,2750,107,23457,68037,3242,22,20,0,84,6,15,321
16,2021-06-01,143599665,142434347,1165318,118,143783404,-183739,106,65443761,57045991,8397770,124,23928304,41515457,293,47,41,6,117,17,30,290,56199088,57291017,-1091929,113,56335400,-136312,115,32745118,31094983,1650135,117,658374,32086744,5952,59,55,4,108,1,58,5373,7957475,7471405,486070,151,7978672,-21197,120,3129252,2592462,536790,136,1196635,1932617,288,45,38,7,129,17,28,295,7383671,7029204,354467,130,7313740,69931,114,2577124,1524673,1052451,177,617791,1959333,438,37,23,14,174,9,28,446,774699,774699,0,100,775247,-548,102,606724,577168,29556,118,346437,260287,192,78,75,3,104,44,34,182,29223772,28315498,908274,102,29200837,22935,99,27911778,26171735,1740043,106,20315413,7596365,138,95,92,3,103,69,26,138,353616,367711,-46873,125,357962,-20519,103,105192,89843,15349,3039,41174,64018,2429,26,21,5,101,10,15,301
17,2021-07-01,136673464,143599665,-9758519,102,138459741,-1786277,104,66940159,65443761,-344609,103,32508961,34431198,214,51,47,2,108,23,27,214,55691155,56199088,-1847515,104,53327750,2363405,114,32814466,32745118,-787985,104,828108,31986358,4646,59,59,0,100,1,57,4214,7803076,7957475,-281818,126,7995068,-191992,109,3314234,3129252,99611,110,1788497,1525737,192,46,45,0,111,24,21,197,7256191,7383671,-283575,112,7389713,-133522,107,2710303,2577124,66058,108,914255,1796048,304,39,37,1,109,13,25,307,756642,756642,0,100,769838,-13196,101,592148,606724,-28508,101,445334,146814,140,78,78,0,100,57,21,137,29252997,29223772,-896449,96,29245648,7349,99,28107321,27911778,-757902,96,23662900,4444421,118,96,95,0,99,80,15,118,311222,353616,-42394,79,341221,-29999,108,110529,105192,5337,93,62300,48229,223,30,26,5,105,18,12,174
18,2021-08-01,136840941,136673464,167477,116,135137795,1703146,109,66406432,66940159,-533727,106,35197734,31208698,200,49,51,-1,98,26,23,188,55364510,55691155,-326645,108,51092344,4272166,113,32707261,32814466,-107205,108,1609110,31098151,4497,58,59,0,99,2,55,3818,7931819,7803076,128743,135,7776722,155097,120,3282353,3314234,-31881,108,1878247,1404106,189,44,46,-2,101,26,18,177,7125287,7256191,-130904,119,7054080,71207,114,2595462,2710303,-114841,103,954881,1640581,286,37,39,-1,97,14,22,272,770874,770874,0,100,760665,10209,104,588738,592148,-3410,111,484181,104557,130,75,78,-2,97,62,12,122,29819039,29252997,566042,101,29837316,-18277,99,28143605,28107321,36284,100,24767977,3375628,114,94,96,-1,98,82,11,114,311052,311222,-170,112,323101,-12049,122,112405,110529,1876,102,67904,44501,227,30,30,0,78,20,9,151
19,2021-09-01,146793772,131672403,15121369,127,147064936,-271164,107,73782781,63873848,9908933,128,42790545,30992236,180,51,49,2,106,29,22,174,59901348,53354086,6547262,121,59848847,52501,106,35736273,31460798,4275475,129,28067094,7669179,132,59,58,1,103,47,12,125,7843839,7621026,222813,136,7849068,-5229,119,3621793,3148712,473081,133,2257943,1363850,172,51,44,7,124,32,19,168,7220874,6855155,365719,127,7169814,51060,113,2907323,2495513,411810,142,1162214,1745109,258,42,37,4,118,17,24,246,778505,778505,0,100,777552,953,103,583472,566014,17458,115,527994,55478,118,74,75,0,100,67,7,111,28242077,28843851,-601774,97,28220137,21940,99,27141285,27207424,-66139,100,24342825,2798460,111,96,94,1,102,86,9,111,390165,297577,92588,137,380459,-24547,123,142772,107015,35757,171,77014,65758,10443,42,29,12,128,17,24,860
20,2021-10-01,149708120,146793772,454110,116,152885497,-3177377,106,83447127,73782781,7917577,118,47947097,35500030,181,57,51,4,112,31,25,179,59306155,59901348,-1589439,109,60496257,-1190102,105,38137454,35736273,1744978,117,30114260,8023194,131,64,59,4,107,50,13,127,7615767,7843839,-319637,135,7843024,-227257,117,3913991,3621793,223524,116,2243992,1669999,193,56,51,4,118,30,25,187,7387524,7220874,61412,124,7559794,-172270,109,3326365,2907323,352742,127,1291434,2034931,265,47,42,4,120,18,28,265,805727,805727,0,100,817539,-11812,101,613381,583472,17676,113,575534,37847,112,75,74,1,101,69,5,109,28425693,28242077,-658198,97,28524565,-98872,99,28154995,27141285,188732,100,24782515,3372480,113,99,96,3,103,86,12,113,417119,390165,23209,207,414884,-1510,125,159120,142772,14438,151,86142,72978,718,38,42,-4,103,19,19,351
21,2021-11-01,137411331,147247882,-9836551,108,134034658,3376673,112,82348431,81700358,648073,111,43624401,38724030,204,62,56,5,112,33,28,187,53846246,58311909,-4465663,105,52670889,1175357,111,35751726,37481251,-1729525,110,27049641,8702085,141,67,64,2,106,53,13,127,7364138,7524202,-160064,142,7138321,225817,130,4037518,3845317,192201,120,2127055,1910463,221,65,55,9,126,34,30,197,6769960,7282286,-512326,115,6552116,217844,119,3373006,3260065,112941,114,1071116,2301890,338,54,46,7,119,17,36,309,791804,791804,0,100,779707,12097,105,575612,601148,-25536,107,541428,34184,114,72,75,-3,96,69,3,105,27316696,27583879,-267183,98,27229129,87567,100,26919096,27330017,-410921,98,22204031,4715065,121,98,99,0,99,81,17,121,358500,413374,-54874,158,334565,3923,155,160715,157210,3505,820,71913,88802,9029,55,38,16,329,22,32,803
22,2021-12-01,140649261,137411331,694823,113,143358647,-2709386,104,78749438,82348431,-5226582,98,43468179,35281259,188,56,62,-5,92,30,26,187,52973849,53846246,-1857958,107,54093140,-1119291,104,33762618,35751726,-2688857,101,26307109,7455509,133,63,67,-3,95,48,14,131,7790840,7364138,320440,142,7955082,-164242,113,3688380,4037518,-445837,97,1979870,1708510,210,51,65,-15,88,26,25,212,7128156,6769960,250308,124,7358152,-229996,108,3077661,3373006,-380577,95,1005936,2071725,333,45,54,-9,86,14,31,343,789901,789901,0,100,799929,-10028,101,560623,575612,-26487,103,543732,16891,111,70,72,-1,97,66,3,107,26893994,27316696,-1218024,95,26964182,-70188,99,26097408,26919096,-1449993,94,21664300,4433108,125,96,98,-1,98,80,16,125,368236,358500,6348,186,373406,-8564,134,143851,160715,-19134,121,71752,72099,986,39,55,-16,78,18,21,428
23,2022-01-01,129000766,140649261,-11648495,105,126103507,2897259,114,63734924,78749438,-15014514,96,41101382,22633542,166,50,56,-6,94,33,17,151,52312269,52973849,-661580,111,51230197,1082072,111,28820239,33762618,-4942379,105,25035873,3784366,121,54,63,-9,89,49,4,109,7029834,7790840,-761006,125,6805191,224643,131,2806844,3688380,-881536,91,1686485,1120359,200,43,51,-7,92,27,16,168,6563560,7128156,-564596,114,6381709,181851,121,2253098,3077661,-824563,87,939998,1313100,260,35,45,-9,84,15,19,228,719119,719119,0,100,705255,13864,109,467967,560623,-92656,97,516280,-48313,97,63,70,-6,92,73,-9,87,25301741,26893994,-1592253,93,25092819,208922,101,22104124,26097408,-3993284,85,21090759,1013365,105,87,96,-9,90,83,3,103,365467,368236,-2769,176,351427,14040,167,114512,143851,-29339,465,71378,43134,215,34,39,-4,193,23,11,157
24,2022-02-01,125529435,119044177,6485258,127,125463092,66343,110,70181466,58897338,11284128,136,39143573,31037893,197,57,50,7,115,32,25,188,50888179,48175020,2713159,122,50707729,180450,107,30658017,26948817,3709200,139,22875301,7782716,149,60,55,5,111,46,14,139,6516844,6544993,-28149,154,6475456,41388,128,3173065,2618602,554463,151,1506979,1666086,299,55,44,11,136,26,29,273,6096666,6076447,20219,131,6120319,-23653,115,2646827,2076362,570465,154,874436,1772391,341,45,35,10,131,15,30,323,708721,708721,0,100,709001,-280,104,518910,438240,80670,147,446034,72876,130,72,65,7,113,62,10,122,23887637,22985555,902082,104,23894096,-6459,99,23524977,20645682,2879295,115,18325306,5199671,145,98,89,8,110,76,21,144,338934,342110,-3176,203,339003,-69,152,127887,107459,20428,189,66672,61215,240,42,35,6,128,23,18,204
25,2022-03-01,149279388,125529435,7071812,108,149774413,-495025,108,87293930,70181466,7161373,110,50749540,36544390,180,59,57,1,103,34,24,171,60863203,50888179,3254782,107,60946237,-83034,107,38160474,30658017,3156644,110,29700545,8459929,135,62,60,1,103,49,12,126,7978510,6516844,521162,116,7985568,-7058,122,4215882,3173065,550643,115,2145813,2070069,219,55,55,0,105,28,26,196,7262772,6096666,340289,109,7299919,-37147,113,3675165,2646827,601650,122,1193444,2481721,324,51,45,5,114,17,34,306,821554,821554,0,100,822168,-614,103,641793,518910,49974,110,575774,66019,118,77,72,4,105,69,7,112,27919765,23887637,1263769,104,27898166,21599,99,27451595,23524977,1185939,104,24422791,3028804,112,98,98,0,99,87,10,112,400271,338934,13175,119,370501,26607,106,165781,127887,17184,114,80602,85179,2644,42,42,0,104,16,25,261
26,2022-04-01,142742664,143740830,-998166,114,145058499,-2315835,106,83273427,83970795,-697368,110,53261980,30011447,165,59,59,0,100,37,21,159,56637957,58631876,-1993919,108,57360460,-722503,105,35717326,36710111,-992785,112,30573447,5143879,124,63,62,0,101,53,9,117,7458641,7662984,-204343,138,7625234,-166593,118,4109816,4051808,58008,128,2248265,1861551,199,58,55,2,107,31,26,189,7181633,6989043,192590,127,7358898,-177265,110,3703459,3535563,167896,123,1318812,2384647,295,52,51,1,103,19,33,286,766464,766464,0,100,778732,-12268,101,622470,617485,4985,113,577029,45441,114,80,77,3,105,73,7,111,27797171,26996697,800474,102,27837163,-39992,99,27469019,26510065,958954,103,24980497,2488522,109,98,98,0,100,89,9,109,375190,384248,22906,173,374865,5497,116,141518,158891,-17373,144,87093,54425,168,34,42,-7,82,20,13,149
27,2022-05-01,147274804,142742664,-1139483,113,144830297,2444507,112,87695742,83273427,1246206,110,58435642,29260100,155,61,59,1,104,41,19,147,59126247,56637957,224052,112,58253758,872489,111,37640891,35717326,497095,113,31797784,5843107,124,64,63,1,101,55,8,116,7758988,7458641,-17046,137,7568825,190163,125,4416385,4109816,122481,122,2694754,1721631,172,61,58,2,107,40,21,162,7255310,7181633,-212319,117,7134177,121133,116,3882484,3703459,16007,113,1567712,2314772,255,55,52,2,105,24,31,242,788294,788294,0,100,776861,11433,105,640380,622470,-5868,106,587548,52832,115,80,80,0,99,74,5,107,29137976,27797171,382058,101,29165146,-27170,99,28966924,27469019,529570,101,26927922,2039002,107,99,98,0,100,92,7,107,404290,375190,-7113,142,371223,15432,132,155090,141518,6938,10434,91494,63596,1704,39,34,4,360,22,17,155
28,2022-06-01,143747478,141603181,2144297,120,143599665,147813,105,87977903,84519633,3458270,116,65443761,22534142,137,62,61,1,103,47,15,134,56120014,56862009,-741995,115,56199088,-79074,103,36705213,36214421,490792,116,32745118,3960095,115,65,64,1,102,59,6,112,7981541,7441595,539946,153,7957475,24066,115,4801931,4232297,569634,135,3129252,1672679,157,67,61,6,114,45,21,157,7394517,6969314,425203,134,7383671,10846,109,4229859,3719466,510393,132,2577124,1652735,167,60,55,5,111,37,22,166,775127,775127,0,100,774699,428,102,655987,616602,39385,119,606724,49263,111,84,80,3,104,78,5,108,29217092,28179229,1037863,103,29223772,-6680,99,28904011,27998589,905422,103,27911778,992233,103,98,99,0,99,95,3,103,379960,386833,-23129,164,353616,26344,104,156086,148456,7630,5257,105192,50894,133,40,39,1,252,26,14,127
29,2022-07-01,133618041,143747478,-12452108,103,136673464,-3055423,105,80514845,87977903,-9112155,95,66940159,13574686,122,62,62,0,99,51,11,123,54842875,56120014,-2378250,104,55691155,-848280,102,34610861,36705213,-2788052,101,32814466,1796395,108,63,65,-2,96,59,4,106,7585816,7981541,-501118,130,7803076,-217260,112,4415957,4801931,-463965,100,3314234,1101723,137,62,67,-5,99,46,15,139,7064857,7394517,-436353,114,7256191,-191334,108,3893363,4229859,-415449,98,2710303,1183060,147,57,60,-3,96,39,17,148,745740,745740,0,100,756642,-10902,102,640095,655987,-29938,102,592148,47947,113,85,84,1,101,78,7,109,29182431,29217092,-920205,96,29252997,-70566,99,28791322,28904011,-1042511,96,28107321,684001,102,98,98,0,99,96,2,102,311714,379960,-35539,138,311222,492,106,132609,156086,-23480,525,110529,22080,119,36,40,-2,230,30,6,111
30,2022-08-01,139472554,133618041,5854513,122,136840941,2631613,110,82948894,80514845,2434049,113,66406432,16542462,132,60,62,-1,98,49,11,124,56235386,54842875,1392511,112,55364510,870876,106,35776375,34610861,1165514,113,32707261,3069114,117,63,63,0,100,58,4,109,8127485,7585816,541669,144,7931819,195666,121,4723668,4415957,307711,124,3282353,1441315,159,61,62,-1,101,44,17,143,7299406,7064857,234549,126,7125287,174119,116,4028559,3893363,135196,118,2595462,1433097,178,56,57,0,100,37,19,157,780877,780877,0,100,770874,10003,104,685108,640095,45013,119,588738,96370,123,87,85,1,102,75,12,116,29879545,29182431,697114,101,29819039,60506,99,29277403,28791322,486081,101,28143605,1133798,104,98,98,0,99,94,3,104,339517,311714,-12442,138,311052,28465,108,142506,132609,9897,14133,112405,30101,140,39,36,2,568,30,9,117
31,2022-09-01,146683372,134318412,12364960,123,146793772,-110400,107,91019574,79804867,11214707,123,73782781,17236793,127,63,60,2,104,51,11,124,59878658,54231554,5647104,118,59901348,-22690,106,37419219,34433807,2985412,117,35736273,1682946,110,62,63,0,98,59,2,104,7859932,7814543,45389,129,7843839,16093,119,4910681,4526514,384167,122,3621793,1288888,140,67,61,6,113,51,16,137,7193651,7027590,166061,121,7220874,-27223,112,4353106,3879060,474046,125,2907323,1445783,160,62,56,5,110,42,20,156,777875,777875,0,100,778505,-630,103,676732,659567,17165,110,583472,93260,120,86,87,0,98,74,12,115,28218859,28907218,-688359,97,28242077,-23218,99,28147021,28305076,-158055,99,27141285,1005736,103,99,97,1,101,96,3,103,391010,326196,64814,179,390165,845,150,165117,136245,28872,912,142772,22345,133,45,39,6,252,42,3,117
32,2022-10-01,149829022,146683372,-2635522,114,149708120,120902,110,95120931,91019574,690465,110,83447127,11673804,119,64,63,1,103,57,7,114,59245997,59878658,-2881778,107,59306155,-60158,108,38174050,37419219,-639622,110,38137454,36596,108,64,62,2,103,64,0,100,7627364,7859932,-549616,133,7615767,11597,125,4861723,4910681,-226505,110,3913991,947732,132,68,67,0,106,56,11,125,7389640,7193651,-94853,122,7387524,2116,115,4549781,4353106,39620,114,3326365,1223416,142,63,62,1,104,47,16,137,804544,804544,0,100,805727,-1183,103,696732,676732,-4178,109,613381,83351,118,86,86,0,99,75,10,114,28422401,28218859,-723702,97,28425693,-3292,99,28396705,28147021,-612653,97,28154995,241710,100,99,99,0,100,99,0,100,410210,391010,18396,211,417119,-2374,143,161014,165117,-10862,153,159120,1894,343,35,45,-10,79,38,-3,289
33,2022-11-01,137341654,144047850,-6706196,112,137411331,-69677,107,90905300,91710039,-804739,111,82348431,8556869,115,67,64,3,105,62,5,110,53769162,56996880,-3227718,109,53846246,-77084,107,36040114,36779597,-739483,113,35751726,288388,109,67,64,2,104,67,0,101,7356349,7310316,46033,150,7364138,-7789,122,4826742,4684176,142566,129,4037518,789224,125,75,68,6,114,65,10,121,6778429,7098798,-320369,121,6769960,8469,113,4476659,4392726,83933,118,3373006,1103653,139,71,64,7,112,54,17,134,792218,792218,0,100,791804,414,103,686490,672554,13936,114,575612,110878,124,86,86,0,100,72,13,119,27325053,27495157,-170104,99,27316696,8357,99,26994056,27534368,-540312,98,26919096,74960,99,98,100,-1,98,98,0,100,358702,392424,-50874,178,358500,202,148,165184,154255,10929,7011,160715,4469,126,54,35,19,490,55,-1,104
34,2022-12-01,141567327,137341654,903086,111,140649261,918066,105,91838943,90905300,-993458,105,78749438,13089505,120,65,67,-2,97,56,8,117,53281112,53769162,-1765450,106,52973849,307263,105,34224045,36040114,-2467543,102,33762618,461427,106,63,67,-3,95,63,0,101,7793195,7356349,309362,137,7790840,2355,111,4736076,4826742,-172256,110,3688380,1047696,134,63,75,-12,92,51,11,130,7183588,6778429,249009,121,7128156,55432,109,4348140,4476659,-209717,104,3077661,1270479,147,61,71,-9,91,45,16,143,786403,786403,0,100,789901,-3498,101,687417,686490,-13163,104,560623,126794,126,86,86,0,100,70,16,123,26987215,27325053,-1217881,95,26893994,93221,100,27135705,26994056,-544785,97,26097408,1038297,104,100,98,2,102,96,3,104,369224,358702,5531,175,368236,988,127,152740,165184,-14291,140,143851,8889,296,40,54,-13,83,39,1,238
35,2023-01-01,128230678,141567327,-13336649,103,129000766,-770088,108,88999287,91838943,-2839656,113,63734924,25264363,147,72,65,6,112,50,21,144,52091597,53281112,-1189515,110,52312269,-220672,106,35224849,34224045,1000804,126,28820239,6404610,135,68,63,4,110,54,13,131,7017516,7793195,-775679,124,7029834,-12318,122,4529728,4736076,-206348,122,2806844,1722884,194,70,63,7,115,43,26,196,6531148,7183588,-652440,111,6563560,-32412,113,4156947,4348140,-191193,117,2253098,1903849,200,65,61,4,109,35,30,193,717665,717665,0,100,719119,-1454,106,691962,687417,4545,115,467967,223995,167,97,86,10,113,63,33,157,25222914,26987215,-1764301,93,25301741,-78827,99,25818178,27135705,-1317527,95,22104124,3714054,126,102,100,2,102,87,15,127,363475,369224,-5749,172,365467,-1992,148,160109,152740,7369,203,114512,45597,173,50,40,9,127,34,15,150
36,2023-02-01,125548313,115867689,9680624,133,125529435,18878,110,84299462,80483955,3815507,119,70181466,14117996,126,69,72,-2,97,57,11,120,50800256,47093265,3706991,126,50888179,-87923,107,33215878,31839463,1376415,122,30658017,2557861,116,65,68,-2,96,60,5,109,6520250,6332502,187748,163,6516844,3406,128,4256489,4077388,179101,133,3173065,1083424,144,72,70,1,106,55,16,138,6094206,5900667,193539,137,6096666,-2460,115,3810256,3748865,61391,128,2646827,1163429,153,64,65,-1,98,45,18,142,707911,707911,0,100,708721,-810,104,664499,623607,40892,123,518910,145589,135,93,97,-3,96,72,21,129,23895053,22802117,1092936,105,23887637,7416,99,23998076,23350217,647859,102,23524977,473099,101,100,102,-2,97,98,1,101,339294,327677,11617,222,338934,360,152,142574,144198,-1624,168,127887,14687,136,41,50,-8,87,42,0,103
37,2023-03-01,149383769,125548313,7124093,108,149279388,104381,109,101030692,84299462,5424258,106,87293930,13736762,121,68,69,0,100,59,9,116,60863697,50800256,3347949,108,60863203,494,107,39859431,33215878,2211054,107,38160474,1698957,112,65,65,0,100,62,3,105,7995915,6520250,538236,116,7978510,17405,122,5201989,4256489,351821,110,4215882,986107,137,69,72,-1,98,55,14,127,7251941,6094206,332537,109,7262772,-10831,113,4674161,3810256,330162,110,3675165,998996,136,65,64,1,103,51,14,128,822526,822526,0,100,821554,972,103,788072,664499,35840,106,641793,146279,129,95,93,1,101,77,18,123,27913301,23895053,1251938,104,27919765,-6464,99,27972335,23998076,1115759,104,27451595,520740,101,100,100,0,99,98,1,102,399967,339294,12657,119,400271,-304,138,175467,142574,11130,120,165781,9686,132,43,41,1,103,42,0,102
38,2023-04-01,139632055,143799809,-4167754,113,142742664,-3110609,105,94198922,97456957,-3258035,108,83273427,10925495,118,68,69,0,99,59,9,116,55293871,58639188,-3345317,107,56637957,-1344086,104,35671477,38435745,-2764268,105,35717326,-45849,107,64,65,-1,98,63,1,102,7244404,7683471,-439067,136,7458641,-214237,117,4917537,5017647,-100110,120,4109816,807721,131,72,69,2,106,58,14,125,6982109,6978012,4097,124,7181633,-199524,109,4471805,4515282,-43477,119,3703459,768346,128,65,66,0,99,52,12,124,755369,755369,0,100,766464,-11095,101,731807,759473,-27666,105,622470,109337,121,96,95,0,100,80,15,119,27694610,26990696,703914,102,27797171,-102561,99,27475448,26994373,481075,101,27469019,6429,99,99,100,0,99,98,0,100,365469,383902,-18433,160,375190,-42153,107,154853,169041,-14188,176,141518,13335,9640,41,43,-1,99,34,7,454
39,2023-05-01,150842115,139632055,5458028,119,147274804,3567311,113,104435152,94198922,6324848,116,87695742,16739410,125,71,68,2,104,61,9,117,60456175,55293871,2884149,118,59126247,1329928,112,39582710,35671477,2430432,119,37640891,1941819,112,66,64,1,103,64,1,103,7981818,7244404,419044,148,7758988,222830,125,5616409,4917537,469645,131,4416385,1200024,139,75,72,3,108,61,14,126,7421783,6982109,153191,125,7255310,166473,117,5182081,4471805,498278,129,3882484,1299597,143,71,65,6,111,55,16,131,801456,801456,0,100,788294,13162,105,797172,731807,35287,111,640380,156792,130,99,96,2,103,80,18,123,29284351,27694610,627759,101,29137976,146375,100,29820435,27475448,1373385,104,28966924,853511,102,101,99,2,102,99,2,102,419221,365469,36273,185,404290,-2459,137,180880,154853,18336,196,155090,25790,4692,46,41,4,114,39,6,268
40,2023-06-01,143731192,145090083,-1358891,116,143747478,-16286,106,97457013,100523770,-3066757,107,87977903,9479110,114,69,71,-1,98,62,6,111,56049059,58178020,-2128961,111,56120014,-70955,104,36208100,38101909,-1893809,107,36705213,-497113,104,65,66,-1,98,65,0,99,7965420,7663448,301972,145,7981541,-16121,119,5806179,5387182,418997,124,4801931,1004248,128,82,76,6,113,67,15,127,7376709,7135300,241409,127,7394517,-17808,111,5142381,4970083,172298,120,4229859,912522,127,73,71,1,103,60,12,124,773957,773957,0,100,775127,-1170,102,772662,767094,5568,110,655987,116675,121,100,99,0,100,84,15,118,29182451,28322369,860082,102,29217092,-34641,99,29426984,28848833,578151,101,28904011,522973,101,100,101,-1,98,98,1,101,379212,401742,-22530,165,379960,-748,129,164218,173189,-8971,145,156086,8132,303,45,46,-1,101,40,4,301
41,2023-07-01,133786012,143731192,-15199147,101,133618041,167971,109,90797995,97457013,-9863938,94,80514845,10283150,116,69,69,0,102,62,7,113,54845133,56049059,-3274627,102,54842875,2258,105,34367040,36208100,-3124895,98,34610861,-243821,103,62,65,-2,96,63,0,98,7601111,7965420,-681195,126,7585816,15295,119,5418885,5806179,-593270,97,4415957,1002928,130,77,82,-5,103,62,14,126,7079555,7376709,-582304,111,7064857,14698,114,4721238,5142381,-606491,96,3893363,827875,127,68,73,-5,96,57,10,121,746005,746005,0,100,745740,265,104,758881,772662,-40463,100,640095,118786,123,102,100,2,102,85,16,118,29146795,29182451,-995766,96,29182431,-35636,99,29376073,29426984,-1020623,96,28791322,584751,101,100,100,0,99,98,2,101,322171,379212,-70732,126,311714,-30749,103,151400,164218,-18979,125,132609,18791,13303,48,45,2,110,36,11,609
42,2023-08-01,139625666,133786012,5839654,122,139472554,153112,106,93997299,90797995,3199304,114,82948894,11048405,116,68,69,-1,99,60,8,114,56386074,54845133,1540941,112,56235386,150688,103,35479692,34367040,1112652,114,35776375,-296683,102,62,62,0,100,63,0,98,8143386,7601111,542275,144,8127485,15901,115,5841314,5418885,422429,124,4723668,1117646,129,76,77,0,103,61,15,126,7296653,7079555,217098,126,7299406,-2753,110,4992580,4721238,271342,126,4028559,964021,128,70,68,2,104,56,13,125,781173,781173,0,100,780877,296,102,810900,758881,52019,117,685108,125792,121,104,102,1,102,87,16,118,29851822,29146795,705027,102,29879545,-27723,99,29735978,29376073,359905,101,29277403,458575,101,99,100,-1,99,98,1,101,340565,322171,18394,159,339517,1048,123,165210,151400,13810,161,142506,22704,461,50,48,2,105,39,10,341
43,2023-09-01,144294732,134475619,9819113,121,146683372,-2388640,106,95330225,90546767,4783458,113,91019574,4310651,109,67,68,-1,97,63,3,106,58965208,54362824,4602384,116,59878658,-913450,104,34880433,34164579,715854,111,37419219,-2538786,98,59,62,-3,93,62,-3,94,7635649,7829034,-193385,127,7859932,-224283,117,5606594,5611837,-5243,112,4910681,695913,122,79,76,3,108,67,11,120,7048561,7024844,23717,119,7193651,-145090,110,4914087,4815904,98183,115,4353106,560981,120,70,70,0,101,62,8,114,765698,765698,0,100,777875,-12177,102,782194,781588,606,107,676732,105462,121,101,104,-2,97,86,14,117,28256245,28883167,-626922,97,28218859,37386,99,27844819,28718890,-874071,96,28147021,-302202,98,98,99,0,98,99,-1,98,377389,327225,50164,171,391010,-13621,147,165357,158673,6684,141,165117,240,129,49,50,-1,98,45,3,109
44,2023-10-01,152055027,144294732,2022464,118,149829022,2226005,111,104296170,95330225,4949463,117,95120931,9175239,115,69,67,2,105,64,5,108,60176848,58965208,-1049410,111,59245997,930851,110,36771898,34880433,557445,116,38174050,-1402152,103,61,59,2,104,64,-3,95,7823132,7635649,-124761,140,7627364,195768,127,6014657,5606594,183247,121,4861723,1152934,138,82,79,2,108,68,13,123,7536320,7048561,196401,127,7389640,146680,117,5446888,4914087,328850,126,4549781,897107,128,74,70,3,106,63,10,117,817711,817711,0,100,804544,13167,105,847560,782194,34654,115,696732,150828,126,103,101,1,102,86,17,120,28418709,28256245,-767029,96,28422401,-3692,99,29074197,27844819,355654,101,28396705,677492,102,102,98,4,104,99,2,102,428683,377389,33592,218,410210,700,151,186874,165357,13728,165,161014,25860,6321,46,49,-2,101,35,10,494
45,2023-11-01,137339803,146317196,-8977393,110,137341654,-1851,108,98487231,100279688,-1792457,110,90905300,7581931,114,74,69,4,106,67,6,110,53872113,57915798,-4043685,107,53769162,102951,108,33290217,35437878,-2147661,108,36040114,-2749897,100,63,61,1,103,67,-4,94,7350110,7510888,-160778,144,7356349,-6239,122,5889396,5789841,99555,123,4826742,1062654,134,93,82,11,117,75,18,132,6766861,7244962,-478101,117,6778429,-11568,114,5339380,5242937,96443,120,4476659,862721,128,85,74,11,116,71,14,125,792244,792244,0,100,792218,26,103,812949,816848,-3899,109,686490,126459,123,102,103,0,99,86,16,119,27348865,27489216,-140351,99,27325053,23812,99,27733094,28200473,-467379,98,26994056,739038,102,101,102,-1,98,98,2,102,358297,410981,-52684,163,358702,-405,148,175344,179085,-3741,153,165184,10160,145,60,46,14,134,54,6,120
46,2023-12-01,138665854,137339803,-1219542,110,141567327,-2901473,103,96887660,98487231,-3534222,103,91838943,5048717,108,70,74,-4,96,65,5,109,52309513,53872113,-2541785,105,53281112,-971599,103,30988074,33290217,-2850487,100,34224045,-3235971,95,58,63,-4,95,63,-4,93,7595972,7350110,139674,135,7793195,-197223,112,5783396,5889396,-205817,109,4736076,1047320,131,80,93,-13,95,63,17,130,7008187,6766861,133430,120,7183588,-175401,107,5189977,5339380,-238957,105,4348140,841837,125,74,85,-10,92,61,13,124,775840,775840,0,100,786403,-10563,101,816102,812949,-16852,103,687417,128685,123,105,102,2,102,86,18,121,26909055,27348865,-1239658,95,26987215,-78160,99,27752348,27733094,-652619,97,27135705,616643,101,103,101,2,101,100,2,102,357547,358297,-4131,173,369224,-11677,129,159970,175344,-17403,120,152740,7230,141,47,60,-13,87,40,6,121
47,2024-01-01,131556006,138665854,-7109848,108,128230678,3325328,114,91711510,96887660,-5176150,109,88999287,2712223,108,71,70,1,103,72,0,100,53335233,52309513,1025720,115,52091597,1243636,111,31810480,30988074,822406,121,35224849,-3414369,95,59,58,1,103,68,-8,88,7232030,7595972,-363942,132,7017516,214514,131,5420832,5783396,-362564,115,4529728,891104,133,80,80,0,103,70,10,117,6718930,7008187,-289257,119,6531148,187782,120,4803344,5189977,-386633,113,4156947,646397,127,72,74,-2,97,65,6,110,733006,733006,0,100,717665,15341,110,810794,816102,-5308,110,691962,118832,122,111,105,6,106,97,13,114,25406383,26909055,-1502672,94,25222914,183469,101,25443324,27752348,-2309024,92,25818178,-374854,98,100,103,-2,97,102,-2,97,377101,357547,19554,186,363475,13626,166,162838,159970,2868,159,160109,2729,129,48,47,0,105,50,-2,101
48,2024-02-01,131167300,121246049,9921251,132,130964311,202989,110,90325563,84185406,6140157,123,87711541,2614022,107,71,71,0,100,68,2,104,52967642,49256665,3710977,125,52941800,25842,107,31355350,29200191,2155159,124,34565051,-3209701,96,60,59,0,101,65,-5,92,6821682,6627980,193702,161,6821151,531,127,5292414,4961753,330661,137,4434021,858393,132,86,81,4,110,71,14,124,6358358,6180051,178307,136,6362140,-3782,115,4634977,4391095,243882,137,3949582,685395,128,74,71,2,104,63,10,118,738084,738084,0,100,737254,830,104,819863,744595,75268,128,690615,129248,123,111,110,0,101,93,18,119,24767491,23672658,1094833,105,24779338,-11847,99,25124903,23692289,1432614,107,24749719,375184,101,101,100,1,101,99,1,101,354725,344347,10378,216,355611,-886,150,155918,147443,8475,174,149264,6654,156,48,48,0,109,41,7,122
49,2024-03-01,143837655,131167300,7284061,118,149383769,-5546114,111,99865795,90325563,5077368,112,101030692,-1164897,108,71,71,-1,100,68,2,103,58626965,52967642,3329002,115,60863697,-2236732,109,34122949,31355350,1359465,111,39859431,-5736482,96,58,60,-1,98,65,-7,88,7548982,6821682,532393,143,7995915,-446933,135,5905341,5292414,356299,120,5201989,703352,135,85,86,-3,99,69,16,128,6942262,6358358,353793,125,7251941,-309679,119,5099701,4634977,255205,118,4674161,425540,128,75,74,0,100,65,9,115,798033,798033,0,100,822526,-24493,104,919687,819863,56617,111,788072,131615,126,115,111,3,103,95,19,120,27746296,24767491,1302547,105,27913301,-167005,99,28133513,25124903,1168737,105,27972335,161178,100,101,101,0,100,100,1,101,376798,354725,13857,166,399967,-23169,155,171459,155918,10697,138,175467,-4008,175,47,48,-2,101,43,4,112
50,2024-04-01,145004466,141532542,3471924,118,139632055,5372411,120,99951442,97929500,2021942,113,94198922,5752520,116,70,70,0,100,68,1,103,57373044,57632849,-259805,112,55293871,2079173,117,33317334,33516538,-199204,110,35671477,-2354143,104,58,58,0,100,64,-5,91,7644497,7462359,182138,146,7244404,400093,149,6016824,5784068,232756,124,4917537,1099287,148,84,84,0,104,72,11,120,7319680,6847591,472089,132,6982109,337571,129,5388613,5001243,387370,129,4471805,916808,142,75,74,1,102,65,10,116,778087,778087,0,100,755369,22718,110,907221,896371,10850,109,731807,175414,133,117,115,2,101,96,20,121,27793658,26941602,852056,103,27694610,99048,99,27663324,27200067,463257,101,27475448,187876,100,99,101,-1,98,99,0,100,390800,373670,17130,172,365469,25331,183,170296,169363,933,153,154853,15443,194,46,47,0,99,41,4,112
51,2024-05-01,150445695,145004466,-233581,112,150842115,-396420,115,105903207,99951442,2263138,109,104435152,1468055,109,71,70,1,103,71,0,101,60462087,57373044,802633,112,60456175,5912,114,35068922,33317334,494062,109,39582710,-4513788,98,58,58,0,99,66,-7,88,7986322,7644497,23622,134,7981818,4504,134,6464703,6016824,202862,117,5616409,848294,130,86,84,2,107,75,11,119,7429379,7319680,-175472,116,7421783,7596,121,5729695,5388613,130055,114,5182081,547614,125,78,75,3,105,71,6,111,801214,801214,0,100,801456,-242,107,965145,907221,22904,106,797172,167973,129,120,117,3,103,99,21,121,29286427,27793658,529974,101,29284351,2076,99,29721081,27663324,1037194,103,29820435,-99354,99,101,99,1,101,101,0,99,420370,390800,12086,163,419221,1149,168,184433,170296,7493,139,180880,3553,145,48,46,2,108,46,1,108
52,2024-06-01,141525944,144770885,-3244941,115,143731192,-2205248,112,96761954,102214580,-5452626,106,97457013,-695059,106,69,72,-2,96,69,0,101,55458265,58175677,-2717412,110,56049059,-590794,108,32526588,33811396,-1284808,109,36208100,-3681512,98,58,58,0,99,65,-6,90,7755053,7668119,86934,143,7965420,-210367,139,6352639,6219686,132953,120,5806179,546460,121,90,87,3,108,82,7,122,7245166,7144208,100958,126,7376709,-131543,121,5532330,5518668,13662,118,5142381,389949,120,78,79,0,99,73,5,111,763325,763325,0,100,773957,-10632,106,921745,930125,-8380,108,772662,149083,126,121,120,0,101,100,21,121,29193612,28323632,869980,102,29182451,11161,99,29460314,28700518,759796,102,29426984,33330,99,100,101,0,99,100,0,99,369466,402886,-33420,163,379212,-9746,157,168062,177789,-9727,135,164218,3844,154,48,48,0,104,45,3,113
53,2024-07-01,139184938,141525944,-7600333,108,133786012,5398926,120,93987734,96761954,-6350563,102,90797995,3189739,112,69,69,0,100,69,0,100,56474141,55458265,-1040915,108,54845133,1629008,111,32503359,32526588,-1236736,106,34367040,-1863681,103,57,58,-1,98,62,-4,92,8004957,7755053,-68449,141,7601111,403846,139,6399107,6352639,-201848,110,5418885,980222,133,85,90,-4,100,77,8,116,7378472,7245166,-151443,120,7079555,298917,125,5570617,5532330,-175275,111,4721238,849379,137,77,78,0,99,68,9,115,770334,770334,0,100,746005,24329,112,951943,921745,-5567,105,758881,193062,134,124,121,2,102,102,22,122,29255422,29193612,-897050,96,29146795,108627,100,29332301,29460314,-1086873,95,29376073,-43772,99,100,100,0,99,100,0,99,341553,369466,-41673,143,322171,19382,155,169748,168062,-5332,133,151400,18348,161,51,48,3,110,48,3,109
54,2024-08-01,137309314,139184938,-1875624,111,139625666,-2316352,110,92307476,93987734,-1680258,106,93997299,-1689823,103,68,69,0,99,68,0,100,55678436,56474141,-795705,105,56386074,-707638,105,31340557,32503359,-1162802,103,35479692,-4139135,94,56,57,-1,97,62,-6,88,7963641,8004957,-41316,127,8143386,-179745,124,6432807,6399107,33700,112,5841314,591493,120,85,85,0,102,76,9,116,7182912,7378472,-195560,114,7296653,-113741,115,5253915,5570617,-316702,105,4992580,261335,115,74,77,-2,97,70,4,108,770594,770594,0,100,781173,-10579,104,963053,951943,11110,108,810900,152153,124,125,124,1,100,104,21,120,29858816,29255422,603394,101,29851822,6994,99,29415125,29332301,82824,100,29735978,-320853,98,98,100,-1,98,99,-1,98,332142,341553,-9411,136,340565,-8423,138,163024,169748,-6724,127,165210,-2186,125,51,51,0,100,50,1,104
55,2024-09-01,143612385,134353145,9259240,121,144294732,-682347,115,103578757,90149472,13429285,124,95330225,8248532,120,73,68,5,108,67,6,111,58687970,54300519,4387451,116,58965208,-277238,112,37040344,30568923,6471421,132,34880433,2159911,121,63,56,6,112,59,4,107,7612094,7829811,-217717,127,7635649,-23555,140,6593144,6282917,310227,119,5606594,986550,137,95,84,10,116,79,15,125,7007178,7031883,-24705,119,7048561,-41383,122,5600027,5134602,465425,123,4914087,685940,134,82,74,7,110,70,11,118,765585,765585,0,100,765698,-113,108,966290,941535,24755,109,782194,184096,136,126,125,1,100,101,24,125,28176176,28896397,-720221,97,28256245,-80069,99,28444427,28491202,-46775,99,27844819,599608,102,100,98,2,102,98,2,102,375940,327391,48549,170,377389,-1449,197,186507,160553,25954,152,165357,21150,169,58,51,6,115,49,9,129
56,2024-10-01,155577727,143612385,6212248,121,152055027,3522700,117,113424355,103578757,5818432,116,104296170,9128185,119,74,73,1,102,69,4,107,61378910,58687970,453197,114,60176848,1202062,115,40118895,37040344,1780660,119,36771898,3346997,123,66,63,3,104,61,4,108,8038091,7612094,111661,144,7823132,214959,144,7102263,6593144,251363,119,6014657,1087606,139,95,95,1,107,82,13,121,7719949,7007178,420856,132,7536320,183629,125,6353649,5600027,531766,126,5446888,906761,134,85,82,3,105,74,11,117,828972,828972,0,100,817711,11261,108,1046830,966290,42901,113,847560,199270,133,126,126,0,100,103,23,123,28522464,28176176,-578736,97,28418709,103755,99,29403727,28444427,6525,99,29074197,329530,100,103,100,2,101,102,0,100,443593,375940,49989,226,428683,14910,177,208155,186507,14229,148,186874,21281,163,52,58,-5,101,46,6,119
